time,temperature,resistance
2024-04-29 13:49:58.082568,32.51,107.834
2024-04-29 13:49:58.483836,32.49,107.828
2024-04-29 13:49:58.790890,32.48,107.821
2024-04-29 13:49:59.193010,32.48,107.826
2024-04-29 13:49:59.598740,32.49,107.826
2024-04-29 13:50:00.005476,32.51,107.825
2024-04-29 13:50:00.306624,32.52,107.825
2024-04-29 13:50:00.712137,32.55,107.831
2024-04-29 13:50:01.118060,32.57,107.834
2024-04-29 13:50:01.421515,32.59,107.836
2024-04-29 13:50:01.826505,32.61,107.842
2024-04-29 13:50:02.231463,32.64,107.847
2024-04-29 13:50:02.637353,32.67,107.848
2024-04-29 13:50:02.940334,32.69,107.858
2024-04-29 13:50:03.342201,32.72,107.862
2024-04-29 13:50:03.747701,32.74,107.862
2024-04-29 13:50:04.050059,32.76,107.869
2024-04-29 13:50:04.455821,32.79,107.878
2024-04-29 13:50:04.861887,32.81,107.88
2024-04-29 13:50:05.164145,32.82,107.886
2024-04-29 13:50:05.569556,32.84,107.89
2024-04-29 13:50:05.975924,32.87,107.893
2024-04-29 13:50:06.380627,32.9,107.904
2024-04-29 13:50:06.683797,32.92,107.903
2024-04-29 13:50:07.089914,32.94,107.904
2024-04-29 13:50:07.495567,32.95,107.913
2024-04-29 13:50:07.798727,32.97,107.913
2024-04-29 13:50:08.203386,32.98,107.918
2024-04-29 13:50:08.604895,32.99,107.917
2024-04-29 13:50:08.912055,0.0,107.92
2024-04-29 13:50:09.313852,33.01,107.923
2024-04-29 13:50:09.718827,33.02,107.922
2024-04-29 13:50:10.124957,33.02,107.925
2024-04-29 13:50:10.427561,33.02,107.926
2024-04-29 13:50:10.833549,33.02,107.928
2024-04-29 13:50:11.239100,33.02,107.926
2024-04-29 13:50:11.541863,33.03,107.93
2024-04-29 13:50:11.947228,33.02,107.929
2024-04-29 13:50:12.353027,33.02,107.927
2024-04-29 13:50:12.758545,33.01,107.924
2024-04-29 13:50:13.061110,33.01,107.923
2024-04-29 13:50:13.466725,32.99,107.919
2024-04-29 13:50:13.868801,32.98,107.915
2024-04-29 13:50:14.174935,32.97,107.911
2024-04-29 13:50:14.576431,32.96,107.912
2024-04-29 13:50:14.982314,32.95,107.908
2024-04-29 13:50:15.388280,32.93,107.905
2024-04-29 13:50:15.690720,32.92,107.901
2024-04-29 13:50:16.096974,32.91,107.898
2024-04-29 13:50:16.502174,32.9,107.895
2024-04-29 13:50:16.804629,32.88,107.891
2024-04-29 13:50:17.210688,32.86,107.889
2024-04-29 13:50:17.616257,32.84,107.885
2024-04-29 13:50:17.919544,32.83,107.881
2024-04-29 13:50:18.324387,32.81,107.877
2024-04-29 13:50:18.729655,32.79,107.876
2024-04-29 13:50:19.135645,32.78,107.871
2024-04-29 13:50:19.439932,32.76,107.867
2024-04-29 13:50:19.843743,32.74,107.862
2024-04-29 13:50:20.246126,32.72,107.857
2024-04-29 13:50:20.552203,32.71,107.856
2024-04-29 13:50:20.954436,32.69,107.855
2024-04-29 13:50:21.359344,32.67,107.848
2024-04-29 13:50:21.662546,32.66,107.845
2024-04-29 13:50:22.068426,32.64,107.842
2024-04-29 13:50:22.473519,32.62,107.836
2024-04-29 13:50:22.878695,32.59,107.833
2024-04-29 13:50:23.182697,32.58,107.835
2024-04-29 13:50:23.588064,32.55,107.829
2024-04-29 13:50:23.993877,32.53,107.826
2024-04-29 13:50:24.296007,32.51,107.822
2024-04-29 13:50:24.701613,32.5,107.822
2024-04-29 13:50:25.107708,32.48,107.818
2024-04-29 13:50:25.508599,32.46,107.812
2024-04-29 13:50:25.815568,32.43,107.809
2024-04-29 13:50:26.217509,32.41,107.804
2024-04-29 13:50:26.622769,32.38,107.803
2024-04-29 13:50:26.925454,32.37,107.799
2024-04-29 13:50:27.331791,32.35,107.797
2024-04-29 13:50:27.736565,32.32,107.792
2024-04-29 13:50:28.039595,32.31,107.792
2024-04-29 13:50:28.445794,32.29,107.791
2024-04-29 13:50:28.851459,32.27,107.783
2024-04-29 13:50:29.256344,32.24,107.78
2024-04-29 13:50:29.559711,32.23,107.778
2024-04-29 13:50:29.965233,32.21,107.772
2024-04-29 13:50:30.370319,32.19,107.774
2024-04-29 13:50:30.673306,32.18,107.769
2024-04-29 13:50:31.078553,32.16,107.764
2024-04-29 13:50:31.480638,32.14,107.764
2024-04-29 13:50:31.787574,0.13,107.764
2024-04-29 13:50:32.190061,32.11,107.76
2024-04-29 13:50:32.594684,32.09,107.755
2024-04-29 13:50:33.000316,32.08,107.754
2024-04-29 13:50:33.303371,32.09,107.756
2024-04-29 13:50:33.708784,32.11,107.753
2024-04-29 13:50:34.114845,32.15,107.759
2024-04-29 13:50:34.417209,32.2,107.765
2024-04-29 13:50:34.822834,32.25,107.773
2024-04-29 13:50:35.227758,32.3,107.779
2024-04-29 13:50:35.633443,32.34,107.783
2024-04-29 13:50:35.936967,32.4,107.793
2024-04-29 13:50:36.341866,32.46,107.802
2024-04-29 13:50:36.747674,32.52,107.805
2024-04-29 13:50:37.050933,32.57,107.816
2024-04-29 13:50:37.456745,32.63,107.829
2024-04-29 13:50:37.858312,32.71,107.84
2024-04-29 13:50:38.164461,32.75,107.851
2024-04-29 13:50:38.566629,32.82,107.867
2024-04-29 13:50:38.972102,32.89,107.875
2024-04-29 13:50:39.377014,32.96,107.893
2024-04-29 13:50:39.680832,33.01,107.912
2024-04-29 13:50:40.085597,33.09,107.918
2024-04-29 13:50:40.491605,33.17,107.93
2024-04-29 13:50:40.794512,33.22,107.943
2024-04-29 13:50:41.200262,33.29,107.954
2024-04-29 13:50:41.605389,33.37,107.967
2024-04-29 13:50:42.011132,33.45,107.985
2024-04-29 13:50:42.314141,33.51,108.005
2024-04-29 13:50:42.719634,33.59,108.031
2024-04-29 13:50:43.125688,33.68,108.041
2024-04-29 13:50:43.427813,33.76,108.058
2024-04-29 13:50:43.833733,33.85,108.072
2024-04-29 13:50:44.239199,33.9,108.092
2024-04-29 13:50:44.541875,33.98,108.108
2024-04-29 13:50:44.947519,34.06,108.134
2024-04-29 13:50:45.349408,34.14,108.153
2024-04-29 13:50:45.755077,34.23,108.174
2024-04-29 13:50:46.058131,34.29,108.188
2024-04-29 13:50:46.463426,34.37,108.208
2024-04-29 13:50:46.868718,34.45,108.24
2024-04-29 13:50:47.171799,34.51,108.268
2024-04-29 13:50:47.577081,34.6,108.286
2024-04-29 13:50:47.983050,34.68,108.302
2024-04-29 13:50:48.388355,34.77,108.324
2024-04-29 13:50:48.691769,34.82,108.342
2024-04-29 13:50:49.096991,34.91,108.367
2024-04-29 13:50:49.501799,35.0,108.379
2024-04-29 13:50:49.805583,35.05,108.397
2024-04-29 13:50:50.210864,35.14,108.426
2024-04-29 13:50:50.615800,35.22,108.447
2024-04-29 13:50:50.919674,35.28,108.472
2024-04-29 13:50:51.325223,35.36,108.495
2024-04-29 13:50:51.730067,35.45,108.513
2024-04-29 13:50:52.132264,35.53,108.529
2024-04-29 13:50:52.438986,35.59,108.559
2024-04-29 13:50:52.840833,35.67,108.592
2024-04-29 13:50:53.246289,35.76,108.626
2024-04-29 13:50:53.549246,35.84,108.655
2024-04-29 13:50:53.954684,35.92,108.679
2024-04-29 13:50:54.360286,36.0,108.698
2024-04-29 13:50:54.663030,36.06,108.716
2024-04-29 13:50:55.068965,36.14,108.742
2024-04-29 13:50:55.474379,36.22,108.774
2024-04-29 13:50:55.879185,36.3,108.801
2024-04-29 13:50:56.182938,36.36,108.822
2024-04-29 13:50:56.588303,36.44,108.846
2024-04-29 13:50:56.993186,36.51,108.871
2024-04-29 13:50:57.296936,36.56,108.889
2024-04-29 13:50:57.701771,36.64,108.899
2024-04-29 13:50:58.103223,36.72,108.917
2024-04-29 13:50:58.509375,36.79,108.929
2024-04-29 13:50:58.812444,36.84,108.944
2024-04-29 13:50:59.217843,36.91,108.955
2024-04-29 13:50:59.623192,36.99,108.966
2024-04-29 13:50:59.925965,37.04,108.98
2024-04-29 13:51:00.331828,37.11,108.991
2024-04-29 13:51:00.737040,37.17,109.005
2024-04-29 13:51:01.040184,37.22,109.015
2024-04-29 13:51:01.446055,37.29,109.026
2024-04-29 13:51:01.850761,37.35,109.04
2024-04-29 13:51:02.257069,37.42,109.049
2024-04-29 13:51:02.563457,37.49,109.061
2024-04-29 13:51:02.965233,37.54,109.073
2024-04-29 13:51:03.367475,37.58,109.086
2024-04-29 13:51:03.673637,37.64,109.094
2024-04-29 13:51:04.075308,37.7,109.101
2024-04-29 13:51:04.481009,37.75,109.108
2024-04-29 13:51:04.886557,37.8,109.117
2024-04-29 13:51:05.189622,37.83,109.118
2024-04-29 13:51:05.594443,37.89,109.123
2024-04-29 13:51:06.000005,37.93,109.127
2024-04-29 13:51:06.303763,37.96,109.131
2024-04-29 13:51:06.709333,37.99,109.137
2024-04-29 13:51:07.114650,38.01,109.138
2024-04-29 13:51:07.417498,38.01,109.135
2024-04-29 13:51:07.823244,38.02,109.135
2024-04-29 13:51:08.228678,38.02,109.13
2024-04-29 13:51:08.630207,38.02,109.127
2024-04-29 13:51:08.936924,38.02,109.121
2024-04-29 13:51:09.338852,38.01,109.109
2024-04-29 13:51:09.744305,38.0,109.103
2024-04-29 13:51:10.047236,37.99,109.095
2024-04-29 13:51:10.452975,37.98,109.082
2024-04-29 13:51:10.858179,37.96,109.076
2024-04-29 13:51:11.263461,37.94,109.063
2024-04-29 13:51:11.566861,37.93,109.053
2024-04-29 13:51:11.972422,37.91,109.041
2024-04-29 13:51:12.377362,37.89,109.031
2024-04-29 13:51:12.680920,37.86,109.021
2024-04-29 13:51:13.086591,37.83,109.005
2024-04-29 13:51:13.491578,37.81,108.995
2024-04-29 13:51:13.794809,37.79,108.985
2024-04-29 13:51:14.199839,37.75,108.978
2024-04-29 13:51:14.605490,37.72,108.967
2024-04-29 13:51:15.007333,37.69,108.958
2024-04-29 13:51:15.314361,37.66,108.941
2024-04-29 13:51:15.715345,37.63,108.928
2024-04-29 13:51:16.122505,37.59,108.914
2024-04-29 13:51:16.424086,37.56,108.897
2024-04-29 13:51:16.829662,37.53,108.884
2024-04-29 13:51:17.235791,37.49,108.87
2024-04-29 13:51:17.538436,37.46,108.854
2024-04-29 13:51:17.944029,37.42,108.835
2024-04-29 13:51:18.348971,37.37,108.824
2024-04-29 13:51:18.755200,37.33,108.809
2024-04-29 13:51:19.057610,37.31,108.792
2024-04-29 13:51:19.463756,37.26,108.77
2024-04-29 13:51:19.868961,37.22,108.758
2024-04-29 13:51:20.172251,37.18,108.74
2024-04-29 13:51:20.577344,37.14,108.722
2024-04-29 13:51:20.983008,37.09,108.707
2024-04-29 13:51:21.384109,37.05,108.694
2024-04-29 13:51:21.691634,37.0,108.679
2024-04-29 13:51:22.093583,36.96,108.661
2024-04-29 13:51:22.498089,36.91,108.652
2024-04-29 13:51:22.801871,36.87,108.634
2024-04-29 13:51:23.207362,36.82,108.617
2024-04-29 13:51:23.612745,36.76,108.6
2024-04-29 13:51:23.915759,36.73,108.585
2024-04-29 13:51:24.321478,36.68,108.569
2024-04-29 13:51:24.726903,36.63,108.558
2024-04-29 13:51:25.132293,36.58,108.542
2024-04-29 13:51:25.435638,36.55,108.527
2024-04-29 13:51:25.840938,36.49,108.512
2024-04-29 13:51:26.246394,36.44,108.497
2024-04-29 13:51:26.548950,36.41,108.484
2024-04-29 13:51:26.954884,36.36,108.47
2024-04-29 13:51:27.360422,36.3,108.457
2024-04-29 13:51:27.663400,36.27,108.445
2024-04-29 13:51:28.068630,36.22,108.432
2024-04-29 13:51:28.470302,36.16,108.417
2024-04-29 13:51:28.876091,36.1,108.407
2024-04-29 13:51:29.178984,36.07,108.395
2024-04-29 13:51:29.584725,36.02,108.375
2024-04-29 13:51:29.990195,35.96,108.361
2024-04-29 13:51:30.292693,35.93,108.347
2024-04-29 13:51:30.697958,35.87,108.332
2024-04-29 13:51:31.105897,35.82,108.321
2024-04-29 13:51:31.509812,35.77,108.31
2024-04-29 13:51:31.812116,35.71,108.295
2024-04-29 13:51:32.218155,35.65,108.282
2024-04-29 13:51:32.623718,35.6,108.267
2024-04-29 13:51:32.926731,35.57,108.255
2024-04-29 13:51:33.332501,35.51,108.24
2024-04-29 13:51:33.737480,35.46,108.232
2024-04-29 13:51:34.040709,35.43,108.222
2024-04-29 13:51:34.446247,35.37,108.208
2024-04-29 13:51:34.847328,35.31,108.195
2024-04-29 13:51:35.253105,35.26,108.183
2024-04-29 13:51:35.556537,35.23,108.175
2024-04-29 13:51:35.961967,35.18,108.163
2024-04-29 13:51:36.366970,35.12,108.156
2024-04-29 13:51:36.670621,35.09,108.146
2024-04-29 13:51:37.075960,35.03,108.136
2024-04-29 13:51:37.481463,34.98,108.125
2024-04-29 13:51:37.887212,34.93,108.117
2024-04-29 13:51:38.190063,34.9,108.105
2024-04-29 13:51:38.595238,34.84,108.095
2024-04-29 13:51:39.000419,34.79,108.084
2024-04-29 13:51:39.303971,34.76,108.076
2024-04-29 13:51:39.708991,34.7,108.068
2024-04-29 13:51:40.114559,34.65,108.056
2024-04-29 13:51:40.417875,34.6,108.049
2024-04-29 13:51:40.823706,34.55,108.041
2024-04-29 13:51:41.228886,34.51,108.03
2024-04-29 13:51:41.630525,34.47,108.022
2024-04-29 13:51:41.937467,34.42,108.011
2024-04-29 13:51:42.339398,34.37,108.004
2024-04-29 13:51:42.744583,34.32,107.999
2024-04-29 13:51:43.046935,34.29,107.981
2024-04-29 13:51:43.453249,34.24,107.972
2024-04-29 13:51:43.858689,34.19,107.949
2024-04-29 13:51:44.264406,34.14,107.939
2024-04-29 13:51:44.567303,34.11,107.918
2024-04-29 13:51:44.972787,34.06,107.902
2024-04-29 13:51:45.377719,34.02,107.883
2024-04-29 13:51:45.680752,33.99,107.878
2024-04-29 13:51:46.087012,33.94,107.869
2024-04-29 13:51:46.491668,33.9,107.857
2024-04-29 13:51:46.795281,33.87,107.817
2024-04-29 13:51:47.200352,33.81,107.796
2024-04-29 13:51:47.606065,33.77,107.772
2024-04-29 13:51:48.009529,33.73,107.759
2024-04-29 13:51:48.314779,33.7,107.751
2024-04-29 13:51:48.716259,33.65,107.747
2024-04-29 13:51:49.121415,33.61,107.734
2024-04-29 13:51:49.424960,33.57,107.71
2024-04-29 13:51:49.830332,33.53,107.695
2024-04-29 13:51:50.235831,33.5,107.686
2024-04-29 13:51:50.538710,33.46,107.685
2024-04-29 13:51:50.944067,33.41,107.676
2024-04-29 13:51:51.349485,33.37,107.668
2024-04-29 13:51:51.755432,33.34,107.662
2024-04-29 13:51:52.058702,33.31,107.648
2024-04-29 13:51:52.464216,33.27,107.641
2024-04-29 13:51:52.869519,33.23,107.628
2024-04-29 13:51:53.172042,33.19,107.63
2024-04-29 13:51:53.578230,33.15,107.623
2024-04-29 13:51:53.983546,33.12,107.618
2024-04-29 13:51:54.384727,33.08,107.61
2024-04-29 13:51:54.691906,33.05,107.609
2024-04-29 13:51:55.093631,33.01,107.605
2024-04-29 13:51:55.498763,32.97,107.602
2024-04-29 13:51:55.801704,32.95,107.596
2024-04-29 13:51:56.207556,32.91,107.589
2024-04-29 13:51:56.612922,32.87,107.585
2024-04-29 13:51:56.916101,32.85,107.581
2024-04-29 13:51:57.321850,32.81,107.572
2024-04-29 13:51:57.727285,32.78,107.567
2024-04-29 13:51:58.132850,32.74,107.563
2024-04-29 13:51:58.435989,32.72,107.561
2024-04-29 13:51:58.840725,32.68,107.556
2024-04-29 13:51:59.246697,32.65,107.551
2024-04-29 13:51:59.549301,32.62,107.546
2024-04-29 13:51:59.954805,32.58,107.542
2024-04-29 13:52:00.356949,32.54,107.54
2024-04-29 13:52:00.663206,52.0,107.539
2024-04-29 13:52:01.065088,32.49,107.537
2024-04-29 13:52:01.470500,32.46,107.533
2024-04-29 13:52:01.876522,32.43,107.53
2024-04-29 13:52:02.179173,32.42,107.527
2024-04-29 13:52:02.584965,32.38,107.524
2024-04-29 13:52:02.990213,32.35,107.521
2024-04-29 13:52:03.294379,32.33,107.519
2024-04-29 13:52:03.698471,32.3,107.52
2024-04-29 13:52:04.104353,32.28,107.514
2024-04-29 13:52:04.509475,32.25,107.514
2024-04-29 13:52:04.812848,32.24,107.508
2024-04-29 13:52:05.218282,32.22,107.504
2024-04-29 13:52:05.619220,32.19,107.504
2024-04-29 13:52:05.926513,32.18,107.504
2024-04-29 13:52:06.328733,32.16,107.501
2024-04-29 13:52:06.733545,32.14,107.497
2024-04-29 13:52:07.036465,32.13,107.497
2024-04-29 13:52:07.442665,32.11,107.494
2024-04-29 13:52:07.847427,32.1,107.488
2024-04-29 13:52:08.253629,32.08,107.485
2024-04-29 13:52:08.556524,32.09,107.487
2024-04-29 13:52:08.962138,32.11,107.488
2024-04-29 13:52:09.367738,32.15,107.488
2024-04-29 13:52:09.670374,32.17,107.49
2024-04-29 13:52:10.076367,32.22,107.485
2024-04-29 13:52:10.481716,32.28,107.476
2024-04-29 13:52:10.883068,32.32,107.479
2024-04-29 13:52:11.190414,32.36,107.485
2024-04-29 13:52:11.595098,32.42,107.488
2024-04-29 13:52:11.997366,32.48,107.497
2024-04-29 13:52:12.304201,32.51,107.511
2024-04-29 13:52:12.705540,32.58,107.524
2024-04-29 13:52:13.111166,32.64,107.536
2024-04-29 13:52:13.414168,32.69,107.546
2024-04-29 13:52:13.819506,32.76,107.555
2024-04-29 13:52:14.225446,32.82,107.572
2024-04-29 13:52:14.630826,32.9,107.585
2024-04-29 13:52:14.933652,32.94,107.613
2024-04-29 13:52:15.339488,33.02,107.628
2024-04-29 13:52:15.744365,33.09,107.637
2024-04-29 13:52:16.047520,33.14,107.647
2024-04-29 13:52:16.453324,33.22,107.656
2024-04-29 13:52:16.859167,33.29,107.668
2024-04-29 13:52:17.264309,33.37,107.691
2024-04-29 13:52:17.567264,33.45,107.719
2024-04-29 13:52:17.972290,33.53,107.729
2024-04-29 13:52:18.374593,33.58,107.742
2024-04-29 13:52:18.681214,33.67,107.756
2024-04-29 13:52:19.082672,33.75,107.767
2024-04-29 13:52:19.488388,33.82,107.782
2024-04-29 13:52:19.791363,33.89,107.798
2024-04-29 13:52:20.196657,33.97,107.823
2024-04-29 13:52:20.602152,34.05,107.837
2024-04-29 13:52:21.008211,34.13,107.851
2024-04-29 13:52:21.311388,34.19,107.866
2024-04-29 13:52:21.716777,34.27,107.896
2024-04-29 13:52:22.121453,34.36,107.912
2024-04-29 13:52:22.425041,34.41,107.931
2024-04-29 13:52:22.830963,34.49,107.947
2024-04-29 13:52:23.236342,34.58,107.969
2024-04-29 13:52:23.539128,34.63,107.985
2024-04-29 13:52:23.944707,34.71,108.008
2024-04-29 13:52:24.349968,34.81,108.042
2024-04-29 13:52:24.755027,34.89,108.057
2024-04-29 13:52:25.058419,34.95,108.074
2024-04-29 13:52:25.463729,35.03,108.098
2024-04-29 13:52:25.866145,35.12,108.119
2024-04-29 13:52:26.172376,35.21,108.134
2024-04-29 13:52:26.574225,35.28,108.151
2024-04-29 13:52:26.979600,35.34,108.161
2024-04-29 13:52:27.385483,35.43,108.182
2024-04-29 13:52:27.688335,35.51,108.199
2024-04-29 13:52:28.093466,35.59,108.211
2024-04-29 13:52:28.499518,35.68,108.229
2024-04-29 13:52:28.802315,35.74,108.241
2024-04-29 13:52:29.207858,35.82,108.263
2024-04-29 13:52:29.613781,35.9,108.276
2024-04-29 13:52:29.916444,35.95,108.296
2024-04-29 13:52:30.321464,36.04,108.308
2024-04-29 13:52:30.727135,36.12,108.326
2024-04-29 13:52:31.132456,36.21,108.343
2024-04-29 13:52:31.435933,36.25,108.36
2024-04-29 13:52:31.837385,36.33,108.375
2024-04-29 13:52:32.242803,36.42,108.393
2024-04-29 13:52:32.545365,36.47,108.409
2024-04-29 13:52:32.951785,36.55,108.424
2024-04-29 13:52:33.357449,36.62,108.435
2024-04-29 13:52:33.762749,36.7,108.448
2024-04-29 13:52:34.065775,36.75,108.462
2024-04-29 13:52:34.470527,36.83,108.473
2024-04-29 13:52:34.876838,36.9,108.484
2024-04-29 13:52:35.179912,36.94,108.501
2024-04-29 13:52:35.585218,37.03,108.515
2024-04-29 13:52:35.990853,37.09,108.527
2024-04-29 13:52:36.293784,37.16,108.541
2024-04-29 13:52:36.698601,37.22,108.552
2024-04-29 13:52:37.101010,37.3,108.579
2024-04-29 13:52:37.506336,37.36,108.586
2024-04-29 13:52:37.808659,37.4,108.601
2024-04-29 13:52:38.214541,37.47,108.611
2024-04-29 13:52:38.619594,37.53,108.619
2024-04-29 13:52:38.922930,37.56,108.626
2024-04-29 13:52:39.328919,37.63,108.638
2024-04-29 13:52:39.734455,37.68,108.645
2024-04-29 13:52:40.036835,37.72,108.654
2024-04-29 13:52:40.443190,37.76,108.662
2024-04-29 13:52:40.847999,37.81,108.667
2024-04-29 13:52:41.253731,37.86,108.673
2024-04-29 13:52:41.557129,37.89,108.678
2024-04-29 13:52:41.962574,37.94,108.684
2024-04-29 13:52:42.363880,37.97,108.688
2024-04-29 13:52:42.670875,37.99,108.688
2024-04-29 13:52:43.072728,38.01,108.689
2024-04-29 13:52:43.478111,38.02,108.694
2024-04-29 13:52:43.883672,38.02,108.691
2024-04-29 13:52:44.186693,38.02,108.689
2024-04-29 13:52:44.591917,38.02,108.688
2024-04-29 13:52:44.997613,38.01,108.68
2024-04-29 13:52:45.300581,38.01,108.678
2024-04-29 13:52:45.705398,38.0,108.671
2024-04-29 13:52:46.111355,37.99,108.66
2024-04-29 13:52:46.414692,37.98,108.652
2024-04-29 13:52:46.819575,37.96,108.645
2024-04-29 13:52:47.225765,37.94,108.64
2024-04-29 13:52:47.630869,37.92,108.63
2024-04-29 13:52:47.933950,37.9,108.619
2024-04-29 13:52:48.339664,37.87,108.608
2024-04-29 13:52:48.741302,37.84,108.595
2024-04-29 13:52:49.047645,37.83,108.585
2024-04-29 13:52:49.449874,37.8,108.574
2024-04-29 13:52:49.855110,37.78,108.564
2024-04-29 13:52:50.260926,37.74,108.551
2024-04-29 13:52:50.563887,37.72,108.539
2024-04-29 13:52:50.968562,37.69,108.524
2024-04-29 13:52:51.374925,37.65,108.514
2024-04-29 13:52:51.677992,37.63,108.495
2024-04-29 13:52:52.083345,37.58,108.484
2024-04-29 13:52:52.489307,37.55,108.472
2024-04-29 13:52:52.791800,37.52,108.453
2024-04-29 13:52:53.197004,37.49,108.44
2024-04-29 13:52:53.603044,37.44,108.425
2024-04-29 13:52:54.009038,37.39,108.411
2024-04-29 13:52:54.311786,37.36,108.392
2024-04-29 13:52:54.717070,37.32,108.378
2024-04-29 13:52:55.117708,37.28,108.362
2024-04-29 13:52:55.425399,37.24,108.343
2024-04-29 13:52:55.826743,37.19,108.327
2024-04-29 13:52:56.232435,37.15,108.311
2024-04-29 13:52:56.638122,37.1,108.295
2024-04-29 13:52:56.940936,37.07,108.281
2024-04-29 13:52:57.347882,37.02,108.265
2024-04-29 13:52:57.752107,36.98,108.253
2024-04-29 13:52:58.055120,36.94,108.235
2024-04-29 13:52:58.460794,36.89,108.216
2024-04-29 13:52:58.866205,36.84,108.198
2024-04-29 13:52:59.168849,36.8,108.185
2024-04-29 13:52:59.574831,36.76,108.174
2024-04-29 13:52:59.980164,36.71,108.157
2024-04-29 13:53:00.385714,36.66,108.147
2024-04-29 13:53:00.688081,36.62,108.131
2024-04-29 13:53:01.094110,36.57,108.121
2024-04-29 13:53:01.495505,36.52,108.102
2024-04-29 13:53:01.802656,36.48,108.089
2024-04-29 13:53:02.204370,36.43,108.075
2024-04-29 13:53:02.609526,36.38,108.06
2024-04-29 13:53:02.912349,36.34,108.05
2024-04-29 13:53:03.317947,36.29,108.036
2024-04-29 13:53:03.723715,36.24,108.022
2024-04-29 13:53:04.129680,36.19,108.007
2024-04-29 13:53:04.431967,36.13,107.992
2024-04-29 13:53:04.837618,36.08,107.98
2024-04-29 13:53:05.243321,36.03,107.966
2024-04-29 13:53:05.545907,35.99,107.954
2024-04-29 13:53:05.951918,35.93,107.941
2024-04-29 13:53:06.357030,35.89,107.93
2024-04-29 13:53:06.762592,35.83,107.917
2024-04-29 13:53:07.066238,35.79,107.905
2024-04-29 13:53:07.470887,35.74,107.892
2024-04-29 13:53:07.873104,35.69,107.881
2024-04-29 13:53:08.179874,35.65,107.87
2024-04-29 13:53:08.581518,35.6,107.857
2024-04-29 13:53:08.988088,35.54,107.846
2024-04-29 13:53:09.289857,35.51,107.836
2024-04-29 13:53:09.695483,35.46,107.824
2024-04-29 13:53:10.101141,35.4,107.814
2024-04-29 13:53:10.506088,35.35,107.801
2024-04-29 13:53:10.809146,35.31,107.79
2024-04-29 13:53:11.215172,35.26,107.778
2024-04-29 13:53:11.619976,35.22,107.774
2024-04-29 13:53:11.923755,35.17,107.763
2024-04-29 13:53:12.329770,35.13,107.755
2024-04-29 13:53:12.734293,35.06,107.743
2024-04-29 13:53:13.037341,35.02,107.736
2024-04-29 13:53:13.443364,34.96,107.726
2024-04-29 13:53:13.848631,34.93,107.712
2024-04-29 13:53:14.250117,34.87,107.709
2024-04-29 13:53:14.557246,34.82,107.694
2024-04-29 13:53:14.958642,34.78,107.687
2024-04-29 13:53:15.364158,34.72,107.677
2024-04-29 13:53:15.666606,34.69,107.668
2024-04-29 13:53:16.072797,34.64,107.665
2024-04-29 13:53:16.478554,34.59,107.655
2024-04-29 13:53:16.883456,34.54,107.647
2024-04-29 13:53:17.186551,34.51,107.638
2024-04-29 13:53:17.592415,34.46,107.633
2024-04-29 13:53:17.998033,34.41,107.622
2024-04-29 13:53:18.300949,34.37,107.616
2024-04-29 13:53:18.706789,34.33,107.609
2024-04-29 13:53:19.111946,34.28,107.603
2024-04-29 13:53:19.414857,34.24,107.598
2024-04-29 13:53:19.820285,34.2,107.589
2024-04-29 13:53:20.226267,34.15,107.582
2024-04-29 13:53:20.630925,34.1,107.57
2024-04-29 13:53:20.934600,34.06,107.567
2024-04-29 13:53:21.339798,34.02,107.56
2024-04-29 13:53:21.741301,33.98,107.555
2024-04-29 13:53:22.048448,33.93,107.547
2024-04-29 13:53:22.451230,33.9,107.54
2024-04-29 13:53:22.855348,33.85,107.536
2024-04-29 13:53:23.261280,33.8,107.528
2024-04-29 13:53:23.564243,33.76,107.523
2024-04-29 13:53:23.968944,33.72,107.52
2024-04-29 13:53:24.375374,33.68,107.515
2024-04-29 13:53:24.678392,33.64,107.513
2024-04-29 13:53:25.083330,33.59,107.504
2024-04-29 13:53:25.489326,33.56,107.5
2024-04-29 13:53:25.791722,33.53,107.496
2024-04-29 13:53:26.197469,33.48,107.495
2024-04-29 13:53:26.603369,33.44,107.487
2024-04-29 13:53:27.008648,33.4,107.482
2024-04-29 13:53:27.311494,33.37,107.479
2024-04-29 13:53:27.717130,33.34,107.473
2024-04-29 13:53:28.118014,33.29,107.469
2024-04-29 13:53:28.425516,33.27,107.464
2024-04-29 13:53:28.827488,33.23,107.457
2024-04-29 13:53:29.232323,33.18,107.453
2024-04-29 13:53:29.638284,33.15,107.447
2024-04-29 13:53:29.941349,33.12,107.443
2024-04-29 13:53:30.346555,33.09,107.442
2024-04-29 13:53:30.752026,33.04,107.438
2024-04-29 13:53:31.055879,33.02,107.434
2024-04-29 13:53:31.460811,32.99,107.43
2024-04-29 13:53:31.866638,32.94,107.426
2024-04-29 13:53:32.168998,32.91,107.418
2024-04-29 13:53:32.574787,32.87,107.416
2024-04-29 13:53:32.980509,32.83,107.413
2024-04-29 13:53:33.382220,32.8,107.408
2024-04-29 13:53:33.688845,32.78,107.404
2024-04-29 13:53:34.090704,32.74,107.401
2024-04-29 13:53:34.495979,32.71,107.398
2024-04-29 13:53:34.799012,32.68,107.394
2024-04-29 13:53:35.204738,32.65,107.387
2024-04-29 13:53:35.610164,32.62,107.389
2024-04-29 13:53:35.912865,32.6,107.385
2024-04-29 13:53:36.317940,32.56,107.382
2024-04-29 13:53:36.724170,32.52,107.38
2024-04-29 13:53:37.129626,32.49,107.376
2024-04-29 13:53:37.432849,32.48,107.374
2024-04-29 13:53:37.838065,32.45,107.37
2024-04-29 13:53:38.243685,32.41,107.369
2024-04-29 13:53:38.546354,32.4,107.364
2024-04-29 13:53:38.951863,32.36,107.361
2024-04-29 13:53:39.353778,32.34,107.361
2024-04-29 13:53:39.759078,32.31,107.359
2024-04-29 13:53:40.061681,32.29,107.356
2024-04-29 13:53:40.467297,32.27,107.352
2024-04-29 13:53:40.872782,32.24,107.353
2024-04-29 13:53:41.176387,32.22,107.351
2024-04-29 13:53:41.582017,32.2,107.35
2024-04-29 13:53:41.987444,32.18,107.346
2024-04-29 13:53:42.289820,32.16,107.346
2024-04-29 13:53:42.696079,32.15,107.347
2024-04-29 13:53:43.101495,32.12,107.343
2024-04-29 13:53:43.506323,32.11,107.339
2024-04-29 13:53:43.809852,32.1,107.338
2024-04-29 13:53:44.215038,32.08,107.341
2024-04-29 13:53:44.616463,32.09,107.341
2024-04-29 13:53:44.923526,32.1,107.34
2024-04-29 13:53:45.325331,32.13,107.343
2024-04-29 13:53:45.730637,32.17,107.346
2024-04-29 13:53:46.136749,32.22,107.354
2024-04-29 13:53:46.439801,32.25,107.364
2024-04-29 13:53:46.845167,32.3,107.371
2024-04-29 13:53:47.250637,32.35,107.375
2024-04-29 13:53:47.553285,32.4,107.383
2024-04-29 13:53:47.958796,32.46,107.392
2024-04-29 13:53:48.364498,32.52,107.4
2024-04-29 13:53:48.666927,32.57,107.407
2024-04-29 13:53:49.073163,32.63,107.417
2024-04-29 13:53:49.478767,32.7,107.423
2024-04-29 13:53:49.884376,32.77,107.43
2024-04-29 13:53:50.187535,32.83,107.444
2024-04-29 13:53:50.592790,32.91,107.454
2024-04-29 13:53:50.998079,32.96,107.464
2024-04-29 13:53:51.301352,33.03,107.473
2024-04-29 13:53:51.706534,33.11,107.48
2024-04-29 13:53:52.108273,33.18,107.487
2024-04-29 13:53:52.415216,4.0,107.496
2024-04-29 13:53:52.816178,33.32,107.509
2024-04-29 13:53:53.222288,33.4,107.519
2024-04-29 13:53:53.627826,33.47,107.527
2024-04-29 13:53:53.930930,33.53,107.538
2024-04-29 13:53:54.336434,33.61,107.55
2024-04-29 13:53:54.741562,33.69,107.562
2024-04-29 13:53:55.044911,33.75,107.573
2024-04-29 13:53:55.450050,33.82,107.582
2024-04-29 13:53:55.855484,33.91,107.595
2024-04-29 13:53:56.261429,34.0,107.604
2024-04-29 13:53:56.564661,34.05,107.619
2024-04-29 13:53:56.969537,34.14,107.63
2024-04-29 13:53:57.375553,34.22,107.644
2024-04-29 13:53:57.678464,34.28,107.656
2024-04-29 13:53:58.083844,34.36,107.666
2024-04-29 13:53:58.485651,34.45,107.678
2024-04-29 13:53:58.792300,34.54,107.688
2024-04-29 13:53:59.194057,34.62,107.703
2024-04-29 13:53:59.599670,34.68,107.716
2024-04-29 13:54:00.004902,34.77,107.735
2024-04-29 13:54:00.308122,34.85,107.748
2024-04-29 13:54:00.713283,34.94,107.762
2024-04-29 13:54:01.118650,35.02,107.781
2024-04-29 13:54:01.422689,35.08,107.793
2024-04-29 13:54:01.827724,35.17,107.808
2024-04-29 13:54:02.233248,35.26,107.825
2024-04-29 13:54:02.638732,35.34,107.841
2024-04-29 13:54:02.941649,35.4,107.862
2024-04-29 13:54:03.346760,35.48,107.876
2024-04-29 13:54:03.752720,35.58,107.895
2024-04-29 13:54:04.056255,35.63,107.908
2024-04-29 13:54:04.461251,35.71,107.919
2024-04-29 13:54:04.866518,35.8,107.939
2024-04-29 13:54:05.169199,35.86,107.988
2024-04-29 13:54:05.575041,35.94,108.029
2024-04-29 13:54:05.976744,36.03,108.056
2024-04-29 13:54:06.382406,36.11,108.074
2024-04-29 13:54:06.685210,36.17,108.093
2024-04-29 13:54:07.092684,36.25,108.108
2024-04-29 13:54:07.496142,36.33,108.126
2024-04-29 13:54:07.799060,36.41,108.139
2024-04-29 13:54:08.204922,36.47,108.151
2024-04-29 13:54:08.610354,36.55,108.167
2024-04-29 13:54:08.913069,36.62,108.177
2024-04-29 13:54:09.318330,36.7,108.198
2024-04-29 13:54:09.724288,36.77,108.211
2024-04-29 13:54:10.129752,36.85,108.222
2024-04-29 13:54:10.433187,36.91,108.238
2024-04-29 13:54:10.833725,36.98,108.249
2024-04-29 13:54:11.239594,37.05,108.269
2024-04-29 13:54:11.542595,37.1,108.284
2024-04-29 13:54:11.948430,37.17,108.293
2024-04-29 13:54:12.354099,37.24,108.306
2024-04-29 13:54:12.759517,37.31,108.319
2024-04-29 13:54:13.062669,37.35,108.328
2024-04-29 13:54:13.467428,37.42,108.343
2024-04-29 13:54:13.873570,37.48,108.351
2024-04-29 13:54:14.176564,37.52,108.36
2024-04-29 13:54:14.582367,37.58,108.373
2024-04-29 13:54:14.987727,37.64,108.381
2024-04-29 13:54:15.290302,37.68,108.386
2024-04-29 13:54:15.695841,37.74,108.396
2024-04-29 13:54:16.097644,37.79,108.404
2024-04-29 13:54:16.503361,37.84,108.413
2024-04-29 13:54:16.806014,37.87,108.413
2024-04-29 13:54:17.211597,37.92,108.42
2024-04-29 13:54:17.616772,37.96,108.427
2024-04-29 13:54:17.920123,37.99,108.432
2024-04-29 13:54:18.325659,38.02,108.432
2024-04-29 13:54:18.731489,38.02,108.432
2024-04-29 13:54:19.137155,38.03,108.434
2024-04-29 13:54:19.439806,38.03,108.429
2024-04-29 13:54:19.845509,38.04,108.427
2024-04-29 13:54:20.251461,38.03,108.421
2024-04-29 13:54:20.553880,38.03,108.413
2024-04-29 13:54:20.959656,38.01,108.409
2024-04-29 13:54:21.364719,38.0,108.401
2024-04-29 13:54:21.667323,38.0,108.394
2024-04-29 13:54:22.069456,37.98,108.383
2024-04-29 13:54:22.475063,37.97,108.373
2024-04-29 13:54:22.880447,37.95,108.365
2024-04-29 13:54:23.183429,37.93,108.356
2024-04-29 13:54:23.588719,37.91,108.35
2024-04-29 13:54:23.994489,37.88,108.338
2024-04-29 13:54:24.297218,37.86,108.324
2024-04-29 13:54:24.702544,37.84,108.315
2024-04-29 13:54:25.108704,37.81,108.307
2024-04-29 13:54:25.514180,37.78,108.293
2024-04-29 13:54:25.816662,37.76,108.277
2024-04-29 13:54:26.222839,37.73,108.262
2024-04-29 13:54:26.627942,37.7,108.245
2024-04-29 13:54:26.931225,37.66,108.236
2024-04-29 13:54:27.336976,37.64,108.222
2024-04-29 13:54:27.737716,37.6,108.208
2024-04-29 13:54:28.045433,37.56,108.198
2024-04-29 13:54:28.450405,37.52,108.181
2024-04-29 13:54:28.851990,37.49,108.173
2024-04-29 13:54:29.257639,37.44,108.157
2024-04-29 13:54:29.560870,37.41,108.144
2024-04-29 13:54:29.965833,37.36,108.13
2024-04-29 13:54:30.371871,37.32,108.119
2024-04-29 13:54:30.674645,37.29,108.101
2024-04-29 13:54:31.080244,37.24,108.086
2024-04-29 13:54:31.485987,37.2,108.074
2024-04-29 13:54:31.788529,37.17,108.055
2024-04-29 13:54:32.193858,37.12,108.04
2024-04-29 13:54:32.599346,37.08,108.027
2024-04-29 13:54:33.005339,37.03,108.01
2024-04-29 13:54:33.308609,37.0,108.0
2024-04-29 13:54:33.714041,36.94,107.984
2024-04-29 13:54:34.119212,36.89,107.971
2024-04-29 13:54:34.422415,36.86,107.955
2024-04-29 13:54:34.827842,36.81,107.938
2024-04-29 13:54:35.229472,36.76,107.926
2024-04-29 13:54:35.634317,36.71,107.914
2024-04-29 13:54:35.937531,36.68,107.902
2024-04-29 13:54:36.343528,36.62,107.896
2024-04-29 13:54:36.748970,36.58,107.88
2024-04-29 13:54:37.052031,36.52,107.863
2024-04-29 13:54:37.457690,36.48,107.849
2024-04-29 13:54:37.862969,36.42,107.838
2024-04-29 13:54:38.165501,36.38,107.823
2024-04-29 13:54:38.571657,36.33,107.814
2024-04-29 13:54:38.977060,36.27,107.798
2024-04-29 13:54:39.382899,36.23,107.79
2024-04-29 13:54:39.685852,36.19,107.777
2024-04-29 13:54:40.090504,36.13,107.763
2024-04-29 13:54:40.496617,36.08,107.754
2024-04-29 13:54:40.799226,36.05,107.742
2024-04-29 13:54:41.204634,35.99,107.73
2024-04-29 13:54:41.606550,35.94,107.718
2024-04-29 13:54:41.913544,1.0,107.708
2024-04-29 13:54:42.314835,35.86,107.697
2024-04-29 13:54:42.720861,35.8,107.684
2024-04-29 13:54:43.126278,35.75,107.674
2024-04-29 13:54:43.429216,35.71,107.663
2024-04-29 13:54:43.834916,35.66,107.648
2024-04-29 13:54:44.239644,35.61,107.641
2024-04-29 13:54:44.543138,35.57,107.626
2024-04-29 13:54:44.949041,35.51,107.613
2024-04-29 13:54:45.354536,35.46,107.607
2024-04-29 13:54:45.759517,35.41,107.596
2024-04-29 13:54:46.063025,35.36,107.585
2024-04-29 13:54:46.468448,35.31,107.575
2024-04-29 13:54:46.873796,35.27,107.57
2024-04-29 13:54:47.177068,35.22,107.558
2024-04-29 13:54:47.582276,35.17,107.547
2024-04-29 13:54:47.984003,35.12,107.538
2024-04-29 13:54:48.290751,5.08,107.527
2024-04-29 13:54:48.692741,35.03,107.521
2024-04-29 13:54:49.098018,34.98,107.511
2024-04-29 13:54:49.503426,34.93,107.499
2024-04-29 13:54:49.806478,34.88,107.491
2024-04-29 13:54:50.211893,34.84,107.482
2024-04-29 13:54:50.617453,34.79,107.477
2024-04-29 13:54:50.920131,34.75,107.463
2024-04-29 13:54:51.326132,34.7,107.457
2024-04-29 13:54:51.731776,34.66,107.447
2024-04-29 13:54:52.137014,34.61,107.446
2024-04-29 13:54:52.439554,34.58,107.443
2024-04-29 13:54:52.845745,34.53,107.441
2024-04-29 13:54:53.251240,34.48,107.43
2024-04-29 13:54:53.554506,34.44,107.421
2024-04-29 13:54:53.959659,34.39,107.408
2024-04-29 13:54:54.364941,34.35,107.402
2024-04-29 13:54:54.667690,34.3,107.393
2024-04-29 13:54:55.073643,34.25,107.387
2024-04-29 13:54:55.474723,34.22,107.381
2024-04-29 13:54:55.880059,34.17,107.373
2024-04-29 13:54:56.183366,34.12,107.366
2024-04-29 13:54:56.588612,34.08,107.359
2024-04-29 13:54:56.994941,34.03,107.352
2024-04-29 13:54:57.297544,34.0,107.345
2024-04-29 13:54:57.703554,33.96,107.34
2024-04-29 13:54:58.108731,33.91,107.335
2024-04-29 13:54:58.514596,33.86,107.33
2024-04-29 13:54:58.817615,33.83,107.324
2024-04-29 13:54:59.223084,33.79,107.318
2024-04-29 13:54:59.628610,33.75,107.308
2024-04-29 13:54:59.931575,33.72,107.304
2024-04-29 13:55:00.337110,33.68,107.298
2024-04-29 13:55:00.741698,33.63,107.289
2024-04-29 13:55:01.045524,33.6,107.286
2024-04-29 13:55:01.450890,33.56,107.284
2024-04-29 13:55:01.852262,33.52,107.28
2024-04-29 13:55:02.257908,33.47,107.273
2024-04-29 13:55:02.561205,33.45,107.267
2024-04-29 13:55:02.966301,33.4,107.261
2024-04-29 13:55:03.372477,33.37,107.26
2024-04-29 13:55:03.676359,33.34,107.256
2024-04-29 13:55:04.080342,33.29,107.25
2024-04-29 13:55:04.486224,33.25,107.244
2024-04-29 13:55:04.788630,33.22,107.237
2024-04-29 13:55:05.194476,33.17,107.233
2024-04-29 13:55:05.600241,33.13,107.229
2024-04-29 13:55:06.005901,33.1,107.224
2024-04-29 13:55:06.308998,33.07,107.218
2024-04-29 13:55:06.714556,33.03,107.218
2024-04-29 13:55:07.119706,33.0,107.211
2024-04-29 13:55:07.422958,32.97,107.208
2024-04-29 13:55:07.824059,32.93,107.201
2024-04-29 13:55:08.229680,32.9,107.196
2024-04-29 13:55:08.635541,32.86,107.197
2024-04-29 13:55:08.937608,32.83,107.192
2024-04-29 13:55:09.343973,32.8,107.189
2024-04-29 13:55:09.749420,32.77,107.183
2024-04-29 13:55:10.052447,32.75,107.179
2024-04-29 13:55:10.458017,32.71,107.181
2024-04-29 13:55:10.862680,32.67,107.174
2024-04-29 13:55:11.166179,32.65,107.169
2024-04-29 13:55:11.571991,32.62,107.164
2024-04-29 13:55:11.977487,32.58,107.162
2024-04-29 13:55:12.382737,32.55,107.157
2024-04-29 13:55:12.685944,32.53,107.156
2024-04-29 13:55:13.090954,32.5,107.154
2024-04-29 13:55:13.493226,32.46,107.151
2024-04-29 13:55:13.799859,32.44,107.15
2024-04-29 13:55:14.201691,32.41,107.148
2024-04-29 13:55:14.607142,32.37,107.145
2024-04-29 13:55:15.011790,32.35,107.144
2024-04-29 13:55:15.315753,32.33,107.14
2024-04-29 13:55:15.721273,32.3,107.135
2024-04-29 13:55:16.126819,32.28,107.138
2024-04-29 13:55:16.429844,32.26,107.132
2024-04-29 13:55:16.834768,32.23,107.13
2024-04-29 13:55:17.240078,32.21,107.131
2024-04-29 13:55:17.543718,32.2,107.13
2024-04-29 13:55:17.949285,32.18,107.125
2024-04-29 13:55:18.354377,32.15,107.123
2024-04-29 13:55:18.756348,32.13,107.126
2024-04-29 13:55:19.063187,32.12,107.123
2024-04-29 13:55:19.464986,32.1,107.121
2024-04-29 13:55:19.870050,32.09,107.119
2024-04-29 13:55:20.173240,32.08,107.119
2024-04-29 13:55:20.578835,32.1,107.114
2024-04-29 13:55:20.983933,32.12,107.118
2024-04-29 13:55:21.389635,32.16,107.122
2024-04-29 13:55:21.693427,32.19,107.124
2024-04-29 13:55:22.098670,32.23,107.13
2024-04-29 13:55:22.504071,32.29,107.139
2024-04-29 13:55:22.806874,32.34,107.146
2024-04-29 13:55:23.212334,32.4,107.157
2024-04-29 13:55:23.618153,32.46,107.165
2024-04-29 13:55:23.920650,32.5,107.172
2024-04-29 13:55:24.326281,32.55,107.181
2024-04-29 13:55:24.731706,32.62,107.19
2024-04-29 13:55:25.133389,32.69,107.2
2024-04-29 13:55:25.439782,32.73,107.207
2024-04-29 13:55:25.841327,32.8,107.217
2024-04-29 13:55:26.247115,32.87,107.226
2024-04-29 13:55:26.550273,32.92,107.238
2024-04-29 13:55:26.955996,32.99,107.248
2024-04-29 13:55:27.361164,33.07,107.256
2024-04-29 13:55:27.664357,33.12,107.267
2024-04-29 13:55:28.069883,33.19,107.276
2024-04-29 13:55:28.475696,33.27,107.285
2024-04-29 13:55:28.880829,33.35,107.299
2024-04-29 13:55:29.184131,33.4,107.308
2024-04-29 13:55:29.589181,33.47,107.319
2024-04-29 13:55:29.995044,33.56,107.334
2024-04-29 13:55:30.298114,33.61,107.346
2024-04-29 13:55:30.703791,33.69,107.353
2024-04-29 13:55:31.108594,33.77,107.368
2024-04-29 13:55:31.509938,33.86,107.382
2024-04-29 13:55:31.818341,33.94,107.392
2024-04-29 13:55:32.219065,33.99,107.405
2024-04-29 13:55:32.624843,34.07,107.416
2024-04-29 13:55:32.927697,34.16,107.429
2024-04-29 13:55:33.332818,34.24,107.439
2024-04-29 13:55:33.738277,34.33,107.456
2024-04-29 13:55:34.042312,34.38,107.469
2024-04-29 13:55:34.447255,34.47,107.484
2024-04-29 13:55:34.852916,34.55,107.495
2024-04-29 13:55:35.258436,34.64,107.513
2024-04-29 13:55:35.561648,34.69,107.528
2024-04-29 13:55:35.966486,34.78,107.541
2024-04-29 13:55:36.372415,34.86,107.556
2024-04-29 13:55:36.675144,34.92,107.568
2024-04-29 13:55:37.081178,35.0,107.585
2024-04-29 13:55:37.486474,35.08,107.601
2024-04-29 13:55:37.788818,35.14,107.614
2024-04-29 13:55:38.195002,35.23,107.631
2024-04-29 13:55:38.600165,35.31,107.648
2024-04-29 13:55:39.002056,35.4,107.662
2024-04-29 13:55:39.308795,35.45,107.678
2024-04-29 13:55:39.710357,35.53,107.694
2024-04-29 13:55:40.116430,35.62,107.712
2024-04-29 13:55:40.418890,35.7,107.726
2024-04-29 13:55:40.823871,35.76,107.742
2024-04-29 13:55:41.229787,35.84,107.759
2024-04-29 13:55:41.635675,35.92,107.773
2024-04-29 13:55:41.938210,36.0,107.787
2024-04-29 13:55:42.344227,36.09,107.806
2024-04-29 13:55:42.749732,36.17,107.819
2024-04-29 13:55:43.052752,36.22,107.84
2024-04-29 13:55:43.458304,36.3,107.848
2024-04-29 13:55:43.863062,36.38,107.865
2024-04-29 13:55:44.166218,36.43,107.878
2024-04-29 13:55:44.572138,36.51,107.895
2024-04-29 13:55:44.973744,36.58,107.909
2024-04-29 13:55:45.378749,36.67,107.928
2024-04-29 13:55:45.682450,36.71,107.94
2024-04-29 13:55:46.087445,36.79,107.955
2024-04-29 13:55:46.493364,36.86,107.97
2024-04-29 13:55:46.796033,36.91,107.99
2024-04-29 13:55:47.201959,36.99,107.999
2024-04-29 13:55:47.607479,37.05,108.011
2024-04-29 13:55:48.012272,37.12,108.024
2024-04-29 13:55:48.315921,37.17,108.035
2024-04-29 13:55:48.721540,37.23,108.046
2024-04-29 13:55:49.126920,37.3,108.058
2024-04-29 13:55:49.430106,37.34,108.074
2024-04-29 13:55:49.835379,37.41,108.084
2024-04-29 13:55:50.237064,37.48,108.09
2024-04-29 13:55:50.543630,37.53,108.103
2024-04-29 13:55:50.944971,37.59,108.112
2024-04-29 13:55:51.350909,37.65,108.115
2024-04-29 13:55:51.756608,37.69,108.125
2024-04-29 13:55:52.059183,37.74,108.132
2024-04-29 13:55:52.464489,37.79,108.134
2024-04-29 13:55:52.870576,37.84,108.143
2024-04-29 13:55:53.173388,37.87,108.154
2024-04-29 13:55:53.579143,37.92,108.158
2024-04-29 13:55:53.984609,37.96,108.165
2024-04-29 13:55:54.390315,37.99,108.171
2024-04-29 13:55:54.693302,38.0,108.17
2024-04-29 13:55:55.098345,38.02,108.171
2024-04-29 13:55:55.500265,38.02,108.173
2024-04-29 13:55:55.806620,38.03,108.165
2024-04-29 13:55:56.207968,38.03,108.16
2024-04-29 13:55:56.614104,38.02,108.156
2024-04-29 13:55:56.917046,38.02,108.147
2024-04-29 13:55:57.322587,38.01,108.143
2024-04-29 13:55:57.727948,38.0,108.134
2024-04-29 13:55:58.133809,37.99,108.126
2024-04-29 13:55:58.436320,37.97,108.118
2024-04-29 13:55:58.841803,37.96,108.105
2024-04-29 13:55:59.247757,37.94,108.095
2024-04-29 13:55:59.550824,37.93,108.086
2024-04-29 13:55:59.956164,37.91,108.075
2024-04-29 13:56:00.361388,37.88,108.066
2024-04-29 13:56:00.664437,37.85,108.053
2024-04-29 13:56:01.070495,37.83,108.043
2024-04-29 13:56:01.475590,37.8,108.032
2024-04-29 13:56:01.877568,37.77,108.02
2024-04-29 13:56:02.184323,37.75,108.008
2024-04-29 13:56:02.586020,37.72,107.993
2024-04-29 13:56:02.991007,37.69,107.981
2024-04-29 13:56:03.294609,37.66,107.968
2024-04-29 13:56:03.700004,37.62,107.956
2024-04-29 13:56:04.105540,37.58,107.942
2024-04-29 13:56:04.510566,37.54,107.928
2024-04-29 13:56:04.814199,37.52,107.918
2024-04-29 13:56:05.219462,37.48,107.901
2024-04-29 13:56:05.625297,37.44,107.883
2024-04-29 13:56:05.927692,37.4,107.869
2024-04-29 13:56:06.333723,37.36,107.854
2024-04-29 13:56:06.739279,37.32,107.84
2024-04-29 13:56:07.041804,37.29,107.824
2024-04-29 13:56:07.447554,37.24,107.811
2024-04-29 13:56:07.853173,37.2,107.795
2024-04-29 13:56:08.254478,37.16,107.779
2024-04-29 13:56:08.561007,37.13,107.763
2024-04-29 13:56:08.963341,37.08,107.749
2024-04-29 13:56:09.368710,37.03,107.733
2024-04-29 13:56:09.671867,36.99,107.717
2024-04-29 13:56:10.077254,36.94,107.704
2024-04-29 13:56:10.482863,36.9,107.687
2024-04-29 13:56:10.887737,36.85,107.675
2024-04-29 13:56:11.192363,36.8,107.66
2024-04-29 13:56:11.596954,36.75,107.645
2024-04-29 13:56:12.001950,36.7,107.631
2024-04-29 13:56:12.305420,36.67,107.615
2024-04-29 13:56:12.710201,36.61,107.601
2024-04-29 13:56:13.115814,36.56,107.59
2024-04-29 13:56:13.419322,36.53,107.574
2024-04-29 13:56:13.825220,36.48,107.558
2024-04-29 13:56:14.230169,36.42,107.546
2024-04-29 13:56:14.632067,36.38,107.531
2024-04-29 13:56:14.938826,36.33,107.518
2024-04-29 13:56:15.340425,36.28,107.505
2024-04-29 13:56:15.745682,36.23,107.491
2024-04-29 13:56:16.048615,36.2,107.479
2024-04-29 13:56:16.454628,36.14,107.467
2024-04-29 13:56:16.859497,36.09,107.456
2024-04-29 13:56:17.265586,36.04,107.443
2024-04-29 13:56:17.568359,36.0,107.431
2024-04-29 13:56:17.974029,35.95,107.417
2024-04-29 13:56:18.378780,35.9,107.405
2024-04-29 13:56:18.682326,35.86,107.392
2024-04-29 13:56:19.088384,35.81,107.38
2024-04-29 13:56:19.493002,35.75,107.366
2024-04-29 13:56:19.796706,35.7,107.352
2024-04-29 13:56:20.202298,35.65,107.34
2024-04-29 13:56:20.607094,35.59,107.327
2024-04-29 13:56:21.008691,35.54,107.317
2024-04-29 13:56:21.316149,35.5,107.307
2024-04-29 13:56:21.717667,35.45,107.294
2024-04-29 13:56:22.123259,35.4,107.286
2024-04-29 13:56:22.426336,35.36,107.276
2024-04-29 13:56:22.831778,35.31,107.265
2024-04-29 13:56:23.237551,35.26,107.257
2024-04-29 13:56:23.540024,35.23,107.245
2024-04-29 13:56:23.945760,35.17,107.235
2024-04-29 13:56:24.351431,35.12,107.228
2024-04-29 13:56:24.756525,35.06,107.214
2024-04-29 13:56:25.059180,35.03,107.206
2024-04-29 13:56:25.465298,34.98,107.196
2024-04-29 13:56:25.870221,34.93,107.187
2024-04-29 13:56:26.173927,34.9,107.176
2024-04-29 13:56:26.579487,34.84,107.169
2024-04-29 13:56:26.984889,34.8,107.16
2024-04-29 13:56:27.390123,34.74,107.149
2024-04-29 13:56:27.693358,34.71,107.14
2024-04-29 13:56:28.098530,34.66,107.131
2024-04-29 13:56:28.501261,34.61,107.124
2024-04-29 13:56:28.807303,34.56,107.116
2024-04-29 13:56:29.208501,34.52,107.107
2024-04-29 13:56:29.614547,34.48,107.098
2024-04-29 13:56:29.917235,34.43,107.09
2024-04-29 13:56:30.323165,34.38,107.079
2024-04-29 13:56:30.728506,34.33,107.073
2024-04-29 13:56:31.133564,34.28,107.069
2024-04-29 13:56:31.437195,34.25,107.062
2024-04-29 13:56:31.842665,34.2,107.054
2024-04-29 13:56:32.248099,34.16,107.046
2024-04-29 13:56:32.551031,34.12,107.039
2024-04-29 13:56:32.956666,34.07,107.03
2024-04-29 13:56:33.361682,34.03,107.023
2024-04-29 13:56:33.664953,34.0,107.016
2024-04-29 13:56:34.070710,33.96,107.008
2024-04-29 13:56:34.476260,33.91,107.003
2024-04-29 13:56:34.877815,33.87,107.001
2024-04-29 13:56:35.184580,33.83,106.993
2024-04-29 13:56:35.586365,33.79,106.99
2024-04-29 13:56:35.991249,33.75,106.983
2024-04-29 13:56:36.294413,33.72,106.979
2024-04-29 13:56:36.699987,33.68,106.974
2024-04-29 13:56:37.105851,33.63,106.968
2024-04-29 13:56:37.511364,33.59,106.965
2024-04-29 13:56:37.814282,33.55,106.959
2024-04-29 13:56:38.219924,33.52,106.953
2024-04-29 13:56:38.625636,33.47,106.949
2024-04-29 13:56:38.928421,33.44,106.944
2024-04-29 13:56:39.333903,33.4,106.939
2024-04-29 13:56:39.739671,33.36,106.935
2024-04-29 13:56:40.042548,33.33,106.925
2024-04-29 13:56:40.448241,33.29,106.921
2024-04-29 13:56:40.852893,33.25,106.916
2024-04-29 13:56:41.255119,33.21,106.914
2024-04-29 13:56:41.561651,33.18,106.91
2024-04-29 13:56:41.963851,33.15,106.904
2024-04-29 13:56:42.369063,33.11,106.901
2024-04-29 13:56:42.671748,33.09,106.897
2024-04-29 13:56:43.077654,33.04,106.893
2024-04-29 13:56:43.482732,33.01,106.89
2024-04-29 13:56:43.888258,32.97,106.888
2024-04-29 13:56:44.191650,32.95,106.879
2024-04-29 13:56:44.596971,32.91,106.876
2024-04-29 13:56:45.002133,32.87,106.872
2024-04-29 13:56:45.305494,32.85,106.87
2024-04-29 13:56:45.710718,32.82,106.862
2024-04-29 13:56:46.116151,32.78,106.862
2024-04-29 13:56:46.419146,32.76,106.855
2024-04-29 13:56:46.824586,32.72,106.852
2024-04-29 13:56:47.226554,32.69,106.847
2024-04-29 13:56:47.631713,32.66,106.844
2024-04-29 13:56:47.934825,32.63,106.843
2024-04-29 13:56:48.340096,32.59,106.837
2024-04-29 13:56:48.745902,32.55,106.838
2024-04-29 13:56:49.049233,32.53,106.836
2024-04-29 13:56:49.454690,32.5,106.837
2024-04-29 13:56:49.859996,32.47,106.83
2024-04-29 13:56:50.265846,32.45,106.827
2024-04-29 13:56:50.569516,32.42,106.822
2024-04-29 13:56:50.973782,32.4,106.819
2024-04-29 13:56:51.380015,32.36,106.819
2024-04-29 13:56:51.683076,32.35,106.813
2024-04-29 13:56:52.089598,32.32,106.813
2024-04-29 13:56:52.489437,32.3,106.811
2024-04-29 13:56:52.797116,32.28,106.808
2024-04-29 13:56:53.198575,32.26,106.809
2024-04-29 13:56:53.603602,32.23,106.804
2024-04-29 13:56:54.008889,32.21,106.805
2024-04-29 13:56:54.312410,32.19,106.802
2024-04-29 13:56:54.718441,32.17,106.802
2024-04-29 13:56:55.123141,32.15,106.798
2024-04-29 13:56:55.426116,32.14,106.798
2024-04-29 13:56:55.831778,32.12,106.795
2024-04-29 13:56:56.237389,32.11,106.798
2024-04-29 13:56:56.540510,32.09,106.799
2024-04-29 13:56:56.946284,32.08,106.795
2024-04-29 13:56:57.351678,32.09,106.796
2024-04-29 13:56:57.752929,32.11,106.8
2024-04-29 13:56:58.059726,32.15,106.799
2024-04-29 13:56:58.461812,32.19,106.806
2024-04-29 13:56:58.866953,32.24,106.81
2024-04-29 13:56:59.170054,32.27,106.816
2024-04-29 13:56:59.575912,32.32,106.821
2024-04-29 13:56:59.980571,32.38,106.831
2024-04-29 13:57:00.386894,32.45,106.839
2024-04-29 13:57:00.689711,32.48,106.847
2024-04-29 13:57:01.095416,32.54,106.856
2024-04-29 13:57:01.500879,32.61,106.862
2024-04-29 13:57:01.803881,32.66,106.874
2024-04-29 13:57:02.209353,32.72,106.883
2024-04-29 13:57:02.614973,32.79,106.892
2024-04-29 13:57:02.917448,32.83,106.903
2024-04-29 13:57:03.324892,32.91,106.915
2024-04-29 13:57:03.729169,32.98,106.924
2024-04-29 13:57:04.133754,33.05,106.933
2024-04-29 13:57:04.437425,33.11,106.941
2024-04-29 13:57:04.842438,33.18,106.95
2024-04-29 13:57:05.244339,33.26,106.963
2024-04-29 13:57:05.551423,33.34,106.974
2024-04-29 13:57:05.952281,33.42,106.985
2024-04-29 13:57:06.358157,33.47,106.997
2024-04-29 13:57:06.764620,33.55,107.006
2024-04-29 13:57:07.066715,33.62,107.018
2024-04-29 13:57:07.472605,33.71,107.028
2024-04-29 13:57:07.877323,33.79,107.037
2024-04-29 13:57:08.180805,33.85,107.054
2024-04-29 13:57:08.587329,33.93,107.06
2024-04-29 13:57:08.992271,34.02,107.075
2024-04-29 13:57:09.294990,34.07,107.086
2024-04-29 13:57:09.701184,34.16,107.094
2024-04-29 13:57:10.106308,34.24,107.106
2024-04-29 13:57:10.512161,34.33,107.123
2024-04-29 13:57:10.814779,34.38,107.134
2024-04-29 13:57:11.220198,34.46,107.149
2024-04-29 13:57:11.621746,34.55,107.16
2024-04-29 13:57:11.928305,34.61,107.178
2024-04-29 13:57:12.330735,34.69,107.193
2024-04-29 13:57:12.738706,34.78,107.205
2024-04-29 13:57:13.141463,34.86,107.22
2024-04-29 13:57:13.444160,34.93,107.235
2024-04-29 13:57:13.849120,35.01,107.248
2024-04-29 13:57:14.255415,35.1,107.264
2024-04-29 13:57:14.557783,35.15,107.281
2024-04-29 13:57:14.963958,35.24,107.291
2024-04-29 13:57:15.369307,35.32,107.305
2024-04-29 13:57:15.672161,35.41,107.318
2024-04-29 13:57:16.078084,35.49,107.335
2024-04-29 13:57:16.483494,35.58,107.35
2024-04-29 13:57:16.888532,35.66,107.365
2024-04-29 13:57:17.192449,35.72,107.382
2024-04-29 13:57:17.597384,35.8,107.396
2024-04-29 13:57:18.003015,35.89,107.411
2024-04-29 13:57:18.306277,35.95,107.431
2024-04-29 13:57:18.710870,36.03,107.443
2024-04-29 13:57:19.113229,36.11,107.458
2024-04-29 13:57:19.419715,36.17,107.473
2024-04-29 13:57:19.821569,36.25,107.488
2024-04-29 13:57:20.227005,36.33,107.503
2024-04-29 13:57:20.632198,36.41,107.518
2024-04-29 13:57:20.934935,36.47,107.529
2024-04-29 13:57:21.340632,36.54,107.553
2024-04-29 13:57:21.746764,36.62,107.568
2024-04-29 13:57:22.050102,36.67,107.58
2024-04-29 13:57:22.455293,36.75,107.593
2024-04-29 13:57:22.860126,36.83,107.602
2024-04-29 13:57:23.265995,36.9,107.609
2024-04-29 13:57:23.569269,36.95,107.625
2024-04-29 13:57:23.970410,37.03,107.636
2024-04-29 13:57:24.376151,37.1,107.646
2024-04-29 13:57:24.678674,37.17,107.658
2024-04-29 13:57:25.085730,37.23,107.665
2024-04-29 13:57:25.490415,37.28,107.68
2024-04-29 13:57:25.793336,37.35,107.686
2024-04-29 13:57:26.198460,37.42,107.7
2024-04-29 13:57:26.604718,37.48,107.708
2024-04-29 13:57:27.009270,37.54,107.721
2024-04-29 13:57:27.313011,37.58,107.726
2024-04-29 13:57:27.718524,37.64,107.738
2024-04-29 13:57:28.123717,37.7,107.746
2024-04-29 13:57:28.427097,37.73,107.752
2024-04-29 13:57:28.832511,37.78,107.754
2024-04-29 13:57:29.234887,37.83,107.76
2024-04-29 13:57:29.540769,37.86,107.767
2024-04-29 13:57:29.942091,37.91,107.771
2024-04-29 13:57:30.348029,37.95,107.775
2024-04-29 13:57:30.753734,37.99,107.78
2024-04-29 13:57:31.055939,38.0,107.779
2024-04-29 13:57:31.462134,38.02,107.781
2024-04-29 13:57:31.866901,38.03,107.776
2024-04-29 13:57:32.170416,38.03,107.778
2024-04-29 13:57:32.576275,38.03,107.769
2024-04-29 13:57:32.980990,38.03,107.766
2024-04-29 13:57:33.388538,38.03,107.761
2024-04-29 13:57:33.689965,38.02,107.751
2024-04-29 13:57:34.095945,38.02,107.745
2024-04-29 13:57:34.501284,38.0,107.736
2024-04-29 13:57:34.803648,37.99,107.729
2024-04-29 13:57:35.208908,37.97,107.718
2024-04-29 13:57:35.610807,37.95,107.707
2024-04-29 13:57:36.015954,37.94,107.697
2024-04-29 13:57:36.319558,37.92,107.684
2024-04-29 13:57:36.728639,37.89,107.673
2024-04-29 13:57:37.131424,37.86,107.661
2024-04-29 13:57:37.433499,37.84,107.649
2024-04-29 13:57:37.839341,37.82,107.636
2024-04-29 13:57:38.244168,37.79,107.622
2024-04-29 13:57:38.547340,37.77,107.608
2024-04-29 13:57:38.953194,37.74,107.599
2024-04-29 13:57:39.358186,37.72,107.587
2024-04-29 13:57:39.764874,37.67,107.57
2024-04-29 13:57:40.066765,37.65,107.558
2024-04-29 13:57:40.472528,37.61,107.541
2024-04-29 13:57:40.877788,37.57,107.526
2024-04-29 13:57:41.180827,37.54,107.513
2024-04-29 13:57:41.586336,37.5,107.5
2024-04-29 13:57:41.987972,37.47,107.479
2024-04-29 13:57:42.294864,37.44,107.465
2024-04-29 13:57:42.696311,37.39,107.453
2024-04-29 13:57:43.106161,37.35,107.44
2024-04-29 13:57:43.507397,37.31,107.423
2024-04-29 13:57:43.810664,37.26,107.407
2024-04-29 13:57:44.218047,37.22,107.394
2024-04-29 13:57:44.621664,37.19,107.377
2024-04-29 13:57:44.924861,37.15,107.364
2024-04-29 13:57:45.330478,37.1,107.347
2024-04-29 13:57:45.736593,37.05,107.333
2024-04-29 13:57:46.141824,37.01,107.318
2024-04-29 13:57:46.444787,36.98,107.301
2024-04-29 13:57:46.852917,36.92,107.288
2024-04-29 13:57:47.255759,36.88,107.28
2024-04-29 13:57:47.558128,36.84,107.262
2024-04-29 13:57:47.963992,36.79,107.241
2024-04-29 13:57:48.365519,36.74,107.23
2024-04-29 13:57:48.672637,36.71,107.218
2024-04-29 13:57:49.075403,36.66,107.2
2024-04-29 13:57:49.488455,36.6,107.188
2024-04-29 13:57:49.885669,36.55,107.175
2024-04-29 13:57:50.188267,36.52,107.158
2024-04-29 13:57:50.594371,36.47,107.145
2024-04-29 13:57:51.011226,36.42,107.132
2024-04-29 13:57:51.301829,36.38,107.117
2024-04-29 13:57:51.708134,36.33,107.104
2024-04-29 13:57:52.123430,36.27,107.096
2024-04-29 13:57:52.821657,36.19,107.067
2024-04-29 13:57:53.226599,36.13,107.058
2024-04-29 13:57:53.631525,36.08,107.043
2024-04-29 13:57:53.934180,36.03,107.032
2024-04-29 13:57:54.354657,35.97,107.018
2024-04-29 13:57:54.742694,35.92,107.006
2024-04-29 13:57:55.449109,35.83,106.98
2024-04-29 13:57:55.853690,35.78,106.965
2024-04-29 13:57:56.267686,35.73,106.955
2024-04-29 13:57:56.968510,35.64,106.928
2024-04-29 13:57:57.677308,35.55,106.907
2024-04-29 13:57:58.087162,35.49,106.898
2024-04-29 13:57:58.485419,35.45,106.887
2024-04-29 13:57:58.787376,35.41,106.876
2024-04-29 13:57:59.192431,35.36,106.865
2024-04-29 13:57:59.598255,35.3,106.853
2024-04-29 13:58:00.305992,35.22,106.833
2024-04-29 13:58:00.711010,35.16,106.82
2024-04-29 13:58:01.116724,35.12,106.813
2024-04-29 13:58:01.820364,35.03,106.794
2024-04-29 13:58:02.226206,34.98,106.787
2024-04-29 13:58:02.631109,34.93,106.776
2024-04-29 13:58:02.933048,34.87,106.767
2024-04-29 13:58:03.341257,34.82,106.753
2024-04-29 13:58:03.744156,34.77,106.749
2024-04-29 13:58:04.452225,34.69,106.732
2024-04-29 13:58:04.857780,34.64,106.718
2024-04-29 13:58:05.161985,34.61,106.717
2024-04-29 13:58:05.565887,34.56,106.705
2024-04-29 13:58:05.971050,34.51,106.697
2024-04-29 13:58:06.382019,34.47,106.691
2024-04-29 13:58:07.106041,34.38,106.674
2024-04-29 13:58:07.489366,34.33,106.671
2024-04-29 13:58:07.792766,34.3,106.663
2024-04-29 13:58:08.198170,34.25,106.657
2024-04-29 13:58:08.599704,34.21,106.648
2024-04-29 13:58:08.905932,7.0,106.642
2024-04-29 13:58:09.307776,34.12,106.635
2024-04-29 13:58:09.713921,34.08,106.629
2024-04-29 13:58:10.119789,34.03,106.625
2024-04-29 13:58:10.421048,34.01,106.616
2024-04-29 13:58:10.828602,33.96,106.607
2024-04-29 13:58:11.232526,33.92,106.608
2024-04-29 13:58:11.941207,33.82,106.592
2024-04-29 13:58:12.345751,33.79,106.586
2024-04-29 13:58:12.752714,33.75,106.583
2024-04-29 13:58:13.054097,33.71,106.579
2024-04-29 13:58:13.459889,33.67,106.574
2024-04-29 13:58:14.167516,33.6,106.56
2024-04-29 13:58:14.572601,33.55,106.556
2024-04-29 13:58:14.974080,33.51,106.551
2024-04-29 13:58:15.282817,33.48,106.546
2024-04-29 13:58:15.682894,33.44,106.543
2024-04-29 13:58:16.088656,33.4,106.54
2024-04-29 13:58:16.493324,33.37,106.531
2024-04-29 13:58:16.796612,33.34,106.526
2024-04-29 13:58:17.203657,33.3,106.529
2024-04-29 13:58:17.606838,33.26,106.524
2024-04-29 13:58:17.910148,33.24,106.518
2024-04-29 13:58:18.316079,33.19,106.516
2024-04-29 13:58:18.721062,33.15,106.51
2024-04-29 13:58:19.023860,33.13,106.508
2024-04-29 13:58:19.429873,33.09,106.505
2024-04-29 13:58:19.874901,33.05,106.501
2024-04-29 13:58:20.241536,33.02,106.495
2024-04-29 13:58:20.542968,32.97,106.49
2024-04-29 13:58:20.944176,32.96,106.487
2024-04-29 13:58:21.349548,32.92,106.486
2024-04-29 13:58:21.652929,32.88,106.483
2024-04-29 13:58:22.058834,32.84,106.482
2024-04-29 13:58:22.464105,32.81,106.473
2024-04-29 13:58:22.869204,32.78,106.469
2024-04-29 13:58:23.172339,32.75,106.469
2024-04-29 13:58:23.578534,32.72,106.462
2024-04-29 13:58:23.990240,32.69,106.458
2024-04-29 13:58:24.286155,32.66,106.458
2024-04-29 13:58:24.691694,32.63,106.456
2024-04-29 13:58:25.123567,32.6,106.451
2024-04-29 13:58:25.811584,32.54,106.444
2024-04-29 13:58:26.210407,32.51,106.442
2024-04-29 13:58:26.612657,32.48,106.436
2024-04-29 13:58:27.323324,32.43,106.434
2024-04-29 13:58:27.726441,32.41,106.43
2024-04-29 13:58:28.029795,32.38,106.425
2024-04-29 13:58:28.434863,32.35,106.423
2024-04-29 13:58:28.840277,32.33,106.423
2024-04-29 13:58:29.247101,32.3,106.417
2024-04-29 13:58:29.548325,32.29,106.414
2024-04-29 13:58:29.954216,32.26,106.414
2024-04-29 13:58:30.360007,32.24,106.41
2024-04-29 13:58:30.662534,32.21,106.407
2024-04-29 13:58:31.067655,32.19,106.408
2024-04-29 13:58:31.473721,32.17,106.404
2024-04-29 13:58:31.776249,32.16,106.404
2024-04-29 13:58:32.181463,32.14,106.406
2024-04-29 13:58:32.583207,32.12,106.404
2024-04-29 13:58:32.988952,32.1,106.404
2024-04-29 13:58:33.699971,32.08,106.401
2024-04-29 13:58:34.103045,32.1,106.403
2024-04-29 13:58:34.410602,32.12,106.405
2024-04-29 13:58:34.811731,32.15,106.407
2024-04-29 13:58:35.216580,32.2,106.413
2024-04-29 13:58:35.625695,32.24,106.418
2024-04-29 13:58:36.331773,32.34,106.431
2024-04-29 13:58:36.736459,32.38,106.438
2024-04-29 13:58:37.444605,32.49,106.455
2024-04-29 13:58:37.850049,32.55,106.464
2024-04-29 13:58:38.153178,32.6,106.47
2024-04-29 13:58:38.558222,32.66,106.48
2024-04-29 13:58:38.960214,32.73,106.49
2024-04-29 13:58:39.368214,32.8,106.499
2024-04-29 13:58:39.669353,32.87,106.508
2024-04-29 13:58:40.074335,32.94,106.517
2024-04-29 13:58:40.479917,33.02,106.528
2024-04-29 13:58:40.782749,33.06,106.535
2024-04-29 13:58:41.189007,33.14,106.545
2024-04-29 13:58:41.593364,33.22,106.553
2024-04-29 13:58:41.896337,33.27,106.562
2024-04-29 13:58:42.302282,33.34,106.572
2024-04-29 13:58:42.707761,33.42,106.584
2024-04-29 13:58:43.113744,33.5,106.59
2024-04-29 13:58:43.416145,33.56,106.601
2024-04-29 13:58:43.840431,33.64,106.612
2024-04-29 13:58:44.226913,33.72,106.622
2024-04-29 13:58:44.935109,33.86,106.644
2024-04-29 13:58:45.337104,33.95,106.657
2024-04-29 13:58:45.742646,34.03,106.671
2024-04-29 13:58:46.450843,34.17,106.692
2024-04-29 13:58:46.856427,34.25,106.708
2024-04-29 13:58:47.159163,34.3,106.719
2024-04-29 13:58:47.566525,34.39,106.73
2024-04-29 13:58:47.984716,34.48,106.746
2024-04-29 13:58:48.678785,34.64,106.769
2024-04-29 13:58:49.085269,34.72,106.781
2024-04-29 13:58:49.489427,34.81,106.793
2024-04-29 13:58:49.795145,34.87,106.808
2024-04-29 13:58:50.198607,34.96,106.823
2024-04-29 13:58:50.604313,35.04,106.836
2024-04-29 13:58:50.906599,35.1,106.848
2024-04-29 13:58:51.313350,35.19,106.866
2024-04-29 13:58:51.717514,35.27,106.879
2024-04-29 13:58:52.132814,35.35,106.889
2024-04-29 13:58:52.426522,35.41,106.909
2024-04-29 13:58:52.827646,35.49,106.921
2024-04-29 13:58:53.639608,35.67,106.953
2024-04-29 13:58:53.942105,35.72,106.966
2024-04-29 13:58:54.348016,35.81,106.98
2024-04-29 13:58:54.650132,35.87,106.998
2024-04-29 13:58:55.056473,35.94,107.012
2024-04-29 13:58:55.465676,36.04,107.029
2024-04-29 13:58:55.867132,36.11,107.045
2024-04-29 13:58:56.169889,36.18,107.058
2024-04-29 13:58:56.578939,36.25,107.071
2024-04-29 13:58:56.981456,36.33,107.086
2024-04-29 13:58:57.284363,36.41,107.101
2024-04-29 13:58:57.689595,36.49,107.117
2024-04-29 13:58:58.090611,36.54,107.133
2024-04-29 13:58:58.397691,2.0,107.149
2024-04-29 13:58:58.802324,36.7,107.164
2024-04-29 13:58:59.205012,36.77,107.18
2024-04-29 13:58:59.611227,36.85,107.192
2024-04-29 13:58:59.913256,36.89,107.205
2024-04-29 13:59:00.319423,36.97,107.216
2024-04-29 13:59:00.724737,37.05,107.232
2024-04-29 13:59:01.027415,37.09,107.244
2024-04-29 13:59:01.440309,37.16,107.256
2024-04-29 13:59:01.839203,37.23,107.269
2024-04-29 13:59:02.243792,37.29,107.284
2024-04-29 13:59:02.547503,37.34,107.294
2024-04-29 13:59:02.952311,37.4,107.301
2024-04-29 13:59:03.354555,37.47,107.312
2024-04-29 13:59:04.066241,37.56,107.336
2024-04-29 13:59:04.468336,37.62,107.344
2024-04-29 13:59:04.770929,37.66,107.352
2024-04-29 13:59:05.288974,37.73,107.358
2024-04-29 13:59:05.987409,37.82,107.371
2024-04-29 13:59:06.299944,37.86,107.373
2024-04-29 13:59:06.696521,37.89,107.381
2024-04-29 13:59:07.102406,37.94,107.386
2024-04-29 13:59:07.406040,37.98,107.387
2024-04-29 13:59:07.812584,38.0,107.389
2024-04-29 13:59:08.215823,38.02,107.392
2024-04-29 13:59:08.617601,38.02,107.388
2024-04-29 13:59:08.924222,38.03,107.387
2024-04-29 13:59:09.325716,38.03,107.385
2024-04-29 13:59:09.731516,38.03,107.382
2024-04-29 13:59:10.034557,38.02,107.379
2024-04-29 13:59:10.441144,38.02,107.368
2024-04-29 13:59:10.854890,38.0,107.361
2024-04-29 13:59:11.148142,38.0,107.351
2024-04-29 13:59:11.554051,37.98,107.342
2024-04-29 13:59:11.959630,37.97,107.333
2024-04-29 13:59:12.365089,37.95,107.323
2024-04-29 13:59:12.668259,37.94,107.312
2024-04-29 13:59:13.073888,37.92,107.303
2024-04-29 13:59:13.478777,37.9,107.292
2024-04-29 13:59:13.784084,37.87,107.28
2024-04-29 13:59:14.187559,37.84,107.273
2024-04-29 13:59:14.589266,37.82,107.259
2024-04-29 13:59:14.896014,0.0,107.244
2024-04-29 13:59:15.299529,37.77,107.233
2024-04-29 13:59:15.703238,37.74,107.218
2024-04-29 13:59:16.108268,37.71,107.204
2024-04-29 13:59:16.411502,37.67,107.19
2024-04-29 13:59:16.816522,37.63,107.18
2024-04-29 13:59:17.222609,37.59,107.163
2024-04-29 13:59:17.931613,37.53,107.137
2024-04-29 13:59:18.336730,37.49,107.122
2024-04-29 13:59:18.745813,37.45,107.11
2024-04-29 13:59:19.045307,37.42,107.094
2024-04-29 13:59:19.451041,37.38,107.079
2024-04-29 13:59:19.858112,37.34,107.062
2024-04-29 13:59:20.158957,37.31,107.052
2024-04-29 13:59:20.564628,37.26,107.034
2024-04-29 13:59:20.965753,37.21,107.021
2024-04-29 13:59:21.272887,7.19,107.003
2024-04-29 13:59:21.674760,37.14,106.989
2024-04-29 13:59:22.080613,37.09,106.978
2024-04-29 13:59:22.485568,37.05,106.961
2024-04-29 13:59:22.788849,37.02,106.948
2024-04-29 13:59:23.194369,36.97,106.934
2024-04-29 13:59:23.599380,36.92,106.92
2024-04-29 13:59:23.902464,36.89,106.912
2024-04-29 13:59:24.308336,36.84,106.895
2024-04-29 13:59:24.721156,36.79,106.881
2024-04-29 13:59:25.423110,36.69,106.855
2024-04-29 13:59:25.828245,36.64,106.842
2024-04-29 13:59:26.233023,36.6,106.827
2024-04-29 13:59:26.536638,36.55,106.816
2024-04-29 13:59:26.941864,36.51,106.8
2024-04-29 13:59:27.343503,36.46,106.789
2024-04-29 13:59:27.650175,36.42,106.772
2024-04-29 13:59:28.052724,36.37,106.758
2024-04-29 13:59:28.456893,36.31,106.746
2024-04-29 13:59:28.863127,36.26,106.734
2024-04-29 13:59:29.165819,36.23,106.722
2024-04-29 13:59:29.571321,36.18,106.713
2024-04-29 13:59:29.976652,36.12,106.697
2024-04-29 13:59:30.279958,36.09,106.684
2024-04-29 13:59:30.684980,36.04,106.672
2024-04-29 13:59:31.090926,35.98,106.661
2024-04-29 13:59:31.496051,35.93,106.64
2024-04-29 13:59:31.799650,35.9,106.629
2024-04-29 13:59:32.205287,35.85,106.614
2024-04-29 13:59:32.610613,35.8,106.604
2024-04-29 13:59:32.913788,35.76,106.589
2024-04-29 13:59:33.331071,35.7,106.578
2024-04-29 13:59:33.720804,35.65,106.569
2024-04-29 13:59:34.429148,35.57,106.537
2024-04-29 13:59:34.834691,35.51,106.527
2024-04-29 13:59:35.240326,35.46,106.516
2024-04-29 13:59:35.948748,35.36,106.499
2024-04-29 13:59:36.354279,35.31,106.487
2024-04-29 13:59:37.062994,35.22,106.469
2024-04-29 13:59:37.467638,35.17,106.457
2024-04-29 13:59:37.873277,35.12,106.448
2024-04-29 13:59:38.176682,35.08,106.439
2024-04-29 13:59:38.582403,35.03,106.429
2024-04-29 13:59:38.988094,34.98,106.422
2024-04-29 13:59:39.696026,34.89,106.405
2024-04-29 13:59:40.111187,34.84,106.393
2024-04-29 13:59:40.404498,34.82,106.387
2024-04-29 13:59:40.815172,34.76,106.378
2024-04-29 13:59:41.212104,34.71,106.371
2024-04-29 13:59:41.621352,34.66,106.364
2024-04-29 13:59:41.921310,34.63,106.358
2024-04-29 13:59:42.325853,34.59,106.351
2024-04-29 13:59:42.730881,34.54,106.34
2024-04-29 13:59:43.441337,34.45,106.325
2024-04-29 13:59:43.845288,34.4,106.32
2024-04-29 13:59:44.148467,34.36,106.316
2024-04-29 13:59:44.553404,34.31,106.306
2024-04-29 13:59:44.959222,34.26,106.302
2024-04-29 13:59:45.365845,34.21,106.294
2024-04-29 13:59:46.073402,34.14,106.283
2024-04-29 13:59:46.478463,34.09,106.273
2024-04-29 13:59:46.782607,34.06,106.268
2024-04-29 13:59:47.589518,33.97,106.26
2024-04-29 13:59:48.297508,33.9,106.249
2024-04-29 13:59:48.702517,33.85,106.244
2024-04-29 13:59:49.108506,33.8,106.238
2024-04-29 13:59:49.411566,33.78,106.233
2024-04-29 13:59:49.816595,33.73,106.225
2024-04-29 13:59:50.222922,33.69,106.22
2024-04-29 13:59:50.525363,33.66,106.218
2024-04-29 13:59:50.930613,33.62,106.217
2024-04-29 13:59:51.336520,33.57,106.207
2024-04-29 13:59:51.742417,33.54,106.204
2024-04-29 13:59:52.044968,33.5,106.197
2024-04-29 13:59:52.463187,33.46,106.195
2024-04-29 13:59:52.856107,33.42,106.19
2024-04-29 13:59:53.158998,33.39,106.188
2024-04-29 13:59:53.568771,33.35,106.18
2024-04-29 13:59:53.966347,33.32,106.176
2024-04-29 13:59:54.272856,28.0,106.171
2024-04-29 13:59:54.674285,33.24,106.166
2024-04-29 13:59:55.080615,33.2,106.166
2024-04-29 13:59:55.488219,33.16,106.162
2024-04-29 13:59:55.788769,33.14,106.155
2024-04-29 13:59:56.193795,33.1,106.15
2024-04-29 13:59:56.599372,33.06,106.15
2024-04-29 13:59:56.902647,33.03,106.147
2024-04-29 13:59:57.308549,32.99,106.14
2024-04-29 13:59:57.713786,32.96,106.137
2024-04-29 13:59:58.118898,32.93,106.136
2024-04-29 13:59:58.422439,32.9,106.128
2024-04-29 13:59:58.827413,32.86,106.126
2024-04-29 13:59:59.233489,32.82,106.123
2024-04-29 13:59:59.536232,32.8,106.12
2024-04-29 13:59:59.941755,32.78,106.118
2024-04-29 14:00:00.343198,32.74,106.114
2024-04-29 14:00:00.645869,32.72,106.113
2024-04-29 14:00:01.051567,32.68,106.11
2024-04-29 14:00:01.457728,32.65,106.108
2024-04-29 14:00:01.866177,32.62,106.103
2024-04-29 14:00:02.165646,32.59,106.1
2024-04-29 14:00:02.571318,32.56,106.096
2024-04-29 14:00:02.976948,32.53,106.096
2024-04-29 14:00:03.686592,32.47,106.093
2024-04-29 14:00:04.091537,32.44,106.089
2024-04-29 14:00:04.496693,32.41,106.087
2024-04-29 14:00:04.799944,32.38,106.086
2024-04-29 14:00:05.206371,32.35,106.081
2024-04-29 14:00:05.606774,32.33,106.08
2024-04-29 14:00:05.913386,32.31,106.078
2024-04-29 14:00:06.314988,32.29,106.076
2024-04-29 14:00:06.729426,32.26,106.072
2024-04-29 14:00:07.125602,32.24,106.073
2024-04-29 14:00:07.429032,32.22,106.069
2024-04-29 14:00:07.839719,32.2,106.07
2024-04-29 14:00:08.239596,32.18,106.068
2024-04-29 14:00:08.543023,32.17,106.065
2024-04-29 14:00:08.951634,32.15,106.067
2024-04-29 14:00:09.353955,32.13,106.068
2024-04-29 14:00:09.656974,32.12,106.064
2024-04-29 14:00:10.063225,32.1,106.061
2024-04-29 14:00:10.468754,32.09,106.06
2024-04-29 14:00:10.770676,32.09,106.056
2024-04-29 14:00:11.176875,32.11,106.06
2024-04-29 14:00:11.578331,32.13,106.064
2024-04-29 14:00:11.983635,32.18,106.068
2024-04-29 14:00:12.286331,32.22,106.074
2024-04-29 14:00:12.692081,32.27,106.082
2024-04-29 14:00:13.098748,32.33,106.086
2024-04-29 14:00:13.400654,32.36,106.091
2024-04-29 14:00:13.806119,32.43,106.102
2024-04-29 14:00:14.211544,32.48,106.105
2024-04-29 14:00:14.620174,32.54,106.115
2024-04-29 14:00:14.919964,32.59,106.123
2024-04-29 14:00:15.325601,32.65,106.135
2024-04-29 14:00:15.732331,32.72,106.142
2024-04-29 14:00:16.034000,32.77,106.154
2024-04-29 14:00:16.443385,32.84,106.163
2024-04-29 14:00:16.845033,32.91,106.173
2024-04-29 14:00:17.148322,32.96,106.183
2024-04-29 14:00:17.558519,33.03,106.191
2024-04-29 14:00:17.955397,33.11,106.197
2024-04-29 14:00:18.360843,33.18,106.207
2024-04-29 14:00:18.663905,33.24,106.218
2024-04-29 14:00:19.069304,33.32,106.23
2024-04-29 14:00:19.475564,33.4,106.24
2024-04-29 14:00:19.778041,33.45,106.253
2024-04-29 14:00:20.184005,33.53,106.263
2024-04-29 14:00:20.588639,33.61,106.274
2024-04-29 14:00:20.994802,33.7,106.286
2024-04-29 14:00:21.297459,33.78,106.299
2024-04-29 14:00:21.703749,33.83,106.31
2024-04-29 14:00:22.108077,33.91,106.321
2024-04-29 14:00:22.411779,34.0,106.335
2024-04-29 14:00:22.817821,34.08,106.343
2024-04-29 14:00:23.226009,34.17,106.361
2024-04-29 14:00:23.529662,34.23,106.377
2024-04-29 14:00:23.930733,34.31,106.383
2024-04-29 14:00:24.336631,34.4,106.397
2024-04-29 14:00:24.738285,34.48,106.409
2024-04-29 14:00:25.045159,34.54,106.426
2024-04-29 14:00:25.446894,34.63,106.437
2024-04-29 14:00:25.852468,34.71,106.453
2024-04-29 14:00:26.155213,34.77,106.468
2024-04-29 14:00:26.560873,34.86,106.478
2024-04-29 14:00:26.966132,34.95,106.494
2024-04-29 14:00:27.371263,35.03,106.507
2024-04-29 14:00:27.674358,35.1,106.524
2024-04-29 14:00:28.082148,35.18,106.539
2024-04-29 14:00:28.485655,35.27,106.556
2024-04-29 14:00:28.791399,35.32,106.57
2024-04-29 14:00:29.194489,35.41,106.588
2024-04-29 14:00:29.599920,35.49,106.599
2024-04-29 14:00:30.007370,35.59,106.614
2024-04-29 14:00:30.308692,35.64,106.629
2024-04-29 14:00:30.715680,35.73,106.642
2024-04-29 14:00:31.422097,35.9,106.673
2024-04-29 14:00:31.824587,35.98,106.689
2024-04-29 14:00:32.231417,36.07,106.706
2024-04-29 14:00:32.532606,36.12,106.724
2024-04-29 14:00:32.938053,36.21,106.739
2024-04-29 14:00:33.410064,36.29,106.756
2024-04-29 14:00:33.646428,36.35,106.77
2024-04-29 14:00:34.057949,36.43,106.783
2024-04-29 14:00:34.457607,36.51,106.797
2024-04-29 14:00:34.863565,36.59,106.809
2024-04-29 14:00:35.165898,36.65,106.823
2024-04-29 14:00:35.572211,36.72,106.841
2024-04-29 14:00:35.987018,36.8,106.852
2024-04-29 14:00:36.282221,36.85,106.866
2024-04-29 14:00:36.687764,36.93,106.879
2024-04-29 14:00:37.087313,37.0,106.891
2024-04-29 14:00:37.492783,37.08,106.904
2024-04-29 14:00:38.201580,37.19,106.923
2024-04-29 14:00:38.607142,37.27,106.937
2024-04-29 14:00:38.911327,37.31,106.951
2024-04-29 14:00:39.315410,37.38,106.96
2024-04-29 14:00:39.721050,37.45,106.97
2024-04-29 14:00:40.126461,37.5,106.977
2024-04-29 14:00:40.429366,37.57,106.987
2024-04-29 14:00:40.835078,37.61,106.993
2024-04-29 14:00:41.242229,37.67,107.002
2024-04-29 14:00:41.949049,37.78,107.017
2024-04-29 14:00:42.350288,37.83,107.022
2024-04-29 14:00:42.657265,37.86,107.025
2024-04-29 14:00:43.058978,37.92,107.033
2024-04-29 14:00:43.464552,37.96,107.038
2024-04-29 14:00:43.869949,37.99,107.042
2024-04-29 14:00:44.172616,38.0,107.043
2024-04-29 14:00:44.578554,38.02,107.046
2024-04-29 14:00:44.985607,38.02,107.047
2024-04-29 14:00:45.288678,38.03,107.044
2024-04-29 14:00:45.692722,38.03,107.041
2024-04-29 14:00:46.097872,38.02,107.034
2024-04-29 14:00:46.404027,38.02,107.031
2024-04-29 14:00:46.806900,38.02,107.02
2024-04-29 14:00:47.211815,38.01,107.014
2024-04-29 14:00:47.613971,38.0,107.008
2024-04-29 14:00:47.920404,37.98,106.998
2024-04-29 14:00:48.323714,37.97,106.989
2024-04-29 14:00:48.729245,37.95,106.982
2024-04-29 14:00:49.030564,37.94,106.972
2024-04-29 14:00:49.437861,37.92,106.965
2024-04-29 14:00:49.841709,37.89,106.953
2024-04-29 14:00:50.550324,37.84,106.933
2024-04-29 14:00:50.955845,37.81,106.921
2024-04-29 14:00:51.362126,37.8,106.909
2024-04-29 14:00:51.665284,37.76,106.896
2024-04-29 14:00:52.071395,37.73,106.886
2024-04-29 14:00:52.476857,37.7,106.874
2024-04-29 14:00:52.778714,37.67,106.862
2024-04-29 14:00:53.183951,37.64,106.852
2024-04-29 14:00:53.590127,37.6,106.834
2024-04-29 14:00:53.991120,37.56,106.825
2024-04-29 14:00:54.297260,37.53,106.808
2024-04-29 14:00:54.699138,37.5,106.791
2024-04-29 14:00:55.104790,37.46,106.779
2024-04-29 14:00:55.407798,37.43,106.765
2024-04-29 14:00:55.813467,37.38,106.75
2024-04-29 14:00:56.220003,37.34,106.734
2024-04-29 14:00:56.521406,37.31,106.718
2024-04-29 14:00:56.933508,37.27,106.708
2024-04-29 14:00:57.332780,37.22,106.692
2024-04-29 14:00:57.739250,37.18,106.676
2024-04-29 14:00:58.041523,37.15,106.663
2024-04-29 14:00:58.446670,37.11,106.646
2024-04-29 14:00:58.854087,37.06,106.637
2024-04-29 14:00:59.155263,37.01,106.623
2024-04-29 14:00:59.560355,36.98,106.609
2024-04-29 14:00:59.966321,36.93,106.594
2024-04-29 14:01:00.369187,36.88,106.577
2024-04-29 14:01:01.075947,36.78,106.552
2024-04-29 14:01:01.484794,36.73,106.541
2024-04-29 14:01:01.784579,36.7,106.527
2024-04-29 14:01:02.190651,36.65,106.515
2024-04-29 14:01:02.595732,36.59,106.5
2024-04-29 14:01:02.905597,36.57,106.491
2024-04-29 14:01:03.304636,36.51,106.478
2024-04-29 14:01:03.710238,36.47,106.47
2024-04-29 14:01:04.118693,36.41,106.455
2024-04-29 14:01:04.418577,36.38,106.438
2024-04-29 14:01:04.824726,36.32,106.426
2024-04-29 14:01:05.533773,36.24,106.403
2024-04-29 14:01:05.938359,36.19,106.389
2024-04-29 14:01:06.343498,36.14,106.377
2024-04-29 14:01:06.646091,36.1,106.366
2024-04-29 14:01:07.069756,36.05,106.355
2024-04-29 14:01:07.453977,35.99,106.346
2024-04-29 14:01:07.859395,35.94,106.329
2024-04-29 14:01:08.162365,35.91,106.318
2024-04-29 14:01:08.574860,35.85,106.308
2024-04-29 14:01:08.974155,35.8,106.296
2024-04-29 14:01:09.275872,35.75,106.287
2024-04-29 14:01:09.681776,35.69,106.273
2024-04-29 14:01:10.086942,35.64,106.262
2024-04-29 14:01:10.493132,35.61,106.25
2024-04-29 14:01:10.795261,35.55,106.239
2024-04-29 14:01:11.203671,35.5,106.231
2024-04-29 14:01:11.607113,35.46,106.219
2024-04-29 14:01:12.315515,35.36,106.202
2024-04-29 14:01:12.720488,35.31,106.192
2024-04-29 14:01:13.023561,35.27,106.183
2024-04-29 14:01:13.429562,35.23,106.171
2024-04-29 14:01:13.832878,35.17,106.16
2024-04-29 14:01:14.236743,35.13,106.151
2024-04-29 14:01:14.544186,35.09,106.144
2024-04-29 14:01:14.944352,35.03,106.133
2024-04-29 14:01:15.351187,34.99,106.126
2024-04-29 14:01:15.653058,34.95,106.118
2024-04-29 14:01:16.058437,34.89,106.106
2024-04-29 14:01:16.467775,34.84,106.094
2024-04-29 14:01:16.869849,34.8,106.09
2024-04-29 14:01:17.579005,34.71,106.077
2024-04-29 14:01:17.983631,34.66,106.068
2024-04-29 14:01:18.286900,34.61,106.064
2024-04-29 14:01:19.114772,34.53,106.046
2024-04-29 14:01:19.503577,34.48,106.036
2024-04-29 14:01:20.220512,34.38,106.033
2024-04-29 14:01:20.614945,34.33,106.02
2024-04-29 14:01:20.920490,34.29,106.015
2024-04-29 14:01:21.322048,34.25,106.007
2024-04-29 14:01:21.728144,34.2,106.003
2024-04-29 14:01:22.030675,34.17,105.997
2024-04-29 14:01:22.435735,34.12,105.991
2024-04-29 14:01:22.860637,34.07,105.983
2024-04-29 14:01:23.249725,34.03,105.981
2024-04-29 14:01:23.550903,34.0,105.974
2024-04-29 14:01:23.956296,33.96,105.966
2024-04-29 14:01:24.361735,33.91,105.959
2024-04-29 14:01:25.069636,33.84,105.951
2024-04-29 14:01:25.475086,33.79,105.95
2024-04-29 14:01:25.778303,33.76,105.944
2024-04-29 14:01:26.183536,33.72,105.938
2024-04-29 14:01:26.589505,33.68,105.933
2024-04-29 14:01:26.994034,33.63,105.929
2024-04-29 14:01:27.699565,33.56,105.92
2024-04-29 14:01:28.416921,33.47,105.912
2024-04-29 14:01:28.813853,33.44,105.907
2024-04-29 14:01:29.521281,33.37,105.9
2024-04-29 14:01:29.927655,33.34,105.897
2024-04-29 14:01:30.333264,33.29,105.89
2024-04-29 14:01:31.041197,33.23,105.887
2024-04-29 14:01:31.447129,33.18,105.882
2024-04-29 14:01:31.854049,33.15,105.876
2024-04-29 14:01:32.155277,33.12,105.875
2024-04-29 14:01:32.561877,33.08,105.872
2024-04-29 14:01:32.966509,33.04,105.868
2024-04-29 14:01:33.375052,33.01,0.0
2024-04-29 14:01:33.674799,32.98,105.858
2024-04-29 14:01:34.076024,32.95,105.856
2024-04-29 14:01:34.484511,32.91,105.852
2024-04-29 14:01:34.785011,32.89,105.848
2024-04-29 14:01:35.192439,32.85,105.846
2024-04-29 14:01:35.596163,32.82,105.842
2024-04-29 14:01:35.898771,32.79,105.845
2024-04-29 14:01:36.307478,32.76,105.84
2024-04-29 14:01:36.713094,32.72,105.834
2024-04-29 14:01:37.418526,32.65,105.833
2024-04-29 14:01:37.823644,32.62,105.83
2024-04-29 14:01:38.232897,32.6,105.827
2024-04-29 14:01:38.532256,32.57,105.826
2024-04-29 14:01:38.938191,32.53,105.822
2024-04-29 14:01:39.339741,32.5,105.822
2024-04-29 14:01:39.646116,48.0,105.819
2024-04-29 14:01:40.048192,32.45,105.817
2024-04-29 14:01:40.453749,32.43,105.811
2024-04-29 14:01:40.861845,32.39,105.811
2024-04-29 14:01:41.570776,32.35,105.806
2024-04-29 14:01:41.973792,32.32,105.805
2024-04-29 14:01:42.276384,32.3,105.802
2024-04-29 14:01:42.685899,32.28,105.803
2024-04-29 14:01:43.087365,32.25,105.803
2024-04-29 14:01:43.795315,32.21,105.801
2024-04-29 14:01:44.201192,32.19,105.803
2024-04-29 14:01:44.603224,32.17,105.802
2024-04-29 14:01:44.909681,32.15,105.797
2024-04-29 14:01:45.311398,32.14,105.8
2024-04-29 14:01:45.717466,32.13,105.798
2024-04-29 14:01:46.121867,32.1,105.794
2024-04-29 14:01:46.425630,32.09,105.798
2024-04-29 14:01:46.831032,32.09,105.795
2024-04-29 14:01:47.236597,32.1,105.799
2024-04-29 14:01:47.538984,32.13,105.802
2024-04-29 14:01:47.945256,32.17,105.804
2024-04-29 14:01:48.350634,32.22,105.81
2024-04-29 14:01:48.653758,32.25,105.818
2024-04-29 14:01:49.059321,32.31,105.825
2024-04-29 14:01:49.465143,32.36,105.83
2024-04-29 14:01:49.869408,32.42,105.841
2024-04-29 14:01:50.173447,32.46,105.849
2024-04-29 14:01:50.578695,32.51,105.855
2024-04-29 14:01:50.980742,32.58,105.864
2024-04-29 14:01:51.688499,32.69,105.882
2024-04-29 14:01:52.093538,32.76,105.891
2024-04-29 14:01:52.396815,32.8,105.901
2024-04-29 14:01:52.802724,32.88,105.909
2024-04-29 14:01:53.209230,32.95,105.917
2024-04-29 14:01:53.613552,33.02,105.93
2024-04-29 14:01:53.916847,33.07,105.94
2024-04-29 14:01:54.322214,33.15,105.95
2024-04-29 14:01:54.728229,33.23,105.96
2024-04-29 14:01:55.031152,33.28,105.969
2024-04-29 14:01:55.436354,33.36,105.982
2024-04-29 14:01:55.841920,33.43,105.994
2024-04-29 14:01:56.247407,33.52,106.002
2024-04-29 14:01:56.550165,33.6,106.012
2024-04-29 14:01:56.955902,33.68,106.022
2024-04-29 14:01:57.361168,33.76,106.035
2024-04-29 14:01:57.668767,33.81,106.046
2024-04-29 14:01:58.070322,33.9,106.057
2024-04-29 14:01:58.471309,33.98,106.073
2024-04-29 14:01:58.778167,34.03,106.082
2024-04-29 14:01:59.180133,34.12,106.09
2024-04-29 14:01:59.585448,34.2,106.104
2024-04-29 14:01:59.991459,34.29,106.118
2024-04-29 14:02:00.296826,34.34,106.131
2024-04-29 14:02:00.699032,34.43,106.145
2024-04-29 14:02:01.105361,34.52,106.159
2024-04-29 14:02:01.408218,34.57,106.173
2024-04-29 14:02:01.827237,34.66,106.186
2024-04-29 14:02:02.219067,34.74,106.2
2024-04-29 14:02:02.521646,34.8,106.215
2024-04-29 14:02:02.927280,34.88,106.233
2024-04-29 14:02:03.337132,34.97,106.244
2024-04-29 14:02:04.143326,35.11,106.278
2024-04-29 14:02:04.446439,35.2,106.294
2024-04-29 14:02:04.848170,35.28,106.306
